# Host: localhost  (Version 5.7.17-log)
# Date: 2020-09-17 09:58:54
# Generator: MySQL-Front 6.0  (Build 2.20)


#
# Structure for table "award_pick_number"
#

DROP TABLE IF EXISTS `award_pick_number`;
CREATE TABLE `award_pick_number` (
  `Id` int(11) NOT NULL AUTO_INCREMENT,
  `unit` varchar(255) DEFAULT '',
  `a` int(3) DEFAULT NULL,
  `b` int(3) DEFAULT NULL,
  `c` int(3) DEFAULT NULL,
  `d` int(3) DEFAULT NULL,
  `e` int(3) DEFAULT NULL,
  `f` int(3) DEFAULT NULL,
  `g` int(3) DEFAULT NULL,
  `h` int(3) DEFAULT NULL,
  `i` int(3) DEFAULT NULL,
  `j` int(3) DEFAULT NULL,
  `k` int(3) DEFAULT NULL,
  `l` int(3) DEFAULT NULL,
  `status` int(1) DEFAULT '0',
  `random` int(1) DEFAULT '0',
  PRIMARY KEY (`Id`)
) ENGINE=InnoDB AUTO_INCREMENT=16 DEFAULT CHARSET=utf8;

#
# Data for table "award_pick_number"
#

INSERT INTO `award_pick_number` VALUES (1,'ocg1',10,0,0,0,0,0,0,0,0,0,0,0,1,0),(2,'ocg2',0,8,0,0,0,0,0,0,0,0,0,0,1,0),(3,'ocg3',0,0,8,0,0,0,0,0,0,0,0,0,0,0),(4,'ocg8',0,0,0,0,0,0,0,15,0,0,0,0,1,1),(5,'ocg5',0,0,0,0,10,0,0,0,0,0,0,0,1,0),(6,'ocg6',0,0,0,0,0,16,0,0,0,0,0,0,0,0),(7,'ocg7',0,0,0,0,0,0,8,0,0,0,0,0,0,0),(13,'ocg10',0,0,0,0,0,0,0,0,0,10,0,0,0,0),(14,'ocg9',0,0,0,0,0,0,0,0,11,0,0,0,1,0),(15,'ocg4',0,0,0,18,0,0,0,0,0,0,0,0,1,0);

#
# Structure for table "control_page"
#

DROP TABLE IF EXISTS `control_page`;
CREATE TABLE `control_page` (
  `page_id` int(2) NOT NULL DEFAULT '0',
  `page_set` int(1) NOT NULL DEFAULT '0',
  `page_read` int(1) NOT NULL DEFAULT '0',
  `page_name` varchar(255) NOT NULL DEFAULT '',
  `page_link` varchar(255) NOT NULL DEFAULT '',
  `page_desc` text,
  `page_enable` int(1) NOT NULL DEFAULT '0',
  PRIMARY KEY (`page_id`)
) ENGINE=InnoDB DEFAULT CHARSET=utf8;

#
# Data for table "control_page"
#

INSERT INTO `control_page` VALUES (1,0,0,'หน้าหลัก','p_showmain.php','หน้าแรก หน้าหลัก สำหรับการรอดำเนินการใดๆ',1),(2,0,0,'1 รางวัลใหญ่ หน้าวิ่ง','p_random_superaward_start.php',NULL,1),(3,0,0,'2 รางวัลใหญ่ สล็อต','p_random_superaward_start1.php',NULL,1),(4,0,0,'3 รางวัลใหญ่ หน่วย ยศ ชื่อ','p_random_superaward_start2.php',NULL,0),(5,0,0,'4 รางวัลใหญ่ สุ่มหน่วย ชื่อ','p_random_superaward_start3.php',NULL,0),(6,0,0,'5 รางวัลใหญ่ ไอที','p_random_superaward_start5.php',NULL,0),(7,1,0,'สุ่มรางวัลใหญ่หลายรางวัล','p_random_pick_award.php',NULL,1),(8,0,0,'สุ่มรางวัลย่อย','p_random_little_start.php',NULL,0),(15,0,0,'แสดงภาพรางวัล','p_showaward.php',NULL,1),(16,0,0,'แสดง List รางวัลย่อย','p_random_little_show_after.php',NULL,0),(17,0,0,'แสดงรางวัลย่อยช่วงที่1','p_random_little_show_afterA.php',NULL,0),(18,0,0,'แสดงรางวัลย่อยช่วงที่2','p_random_little_show_afterB.php',NULL,0),(19,0,0,'แสดงรางวัลย่อยช่วงที่3','   ',NULL,0),(20,0,0,'หน้าสุ่มรางวัลพิเศษ รูปวิ่ง','p_random_special.php','หน้าสุ่มรางวัลพิเศษ สำหรับจับครั้งละ 1 คน',0),(21,0,0,'ม้าแข่ง','p_horse_run.php',NULL,0),(22,0,0,'VIDEO','p_video.php',NULL,0),(30,0,0,'สุ่มรางวัลย่อย slot แสดงรูป','p_random_sub.php','เตรียมพัฒนา',0),(31,0,0,'สุ่มรางวัลย่อย slot แสดงรายชื่อ','p_random_sub_name.php',NULL,0),(35,0,0,'Bingo Play','\\bingo\\005.php',NULL,0),(36,0,0,'Bingo Show','\\bingo\\004.php',NULL,0),(40,0,0,'หน้าแสดงรายชื่อย่อย 100 คน','p_random_sub_show.php',NULL,0);

#
# Structure for table "control_page_state"
#

DROP TABLE IF EXISTS `control_page_state`;
CREATE TABLE `control_page_state` (
  `gr` varchar(50) NOT NULL DEFAULT '',
  `marg_name` varchar(255) NOT NULL DEFAULT '',
  `marg_val` int(3) NOT NULL DEFAULT '0',
  `status` int(1) NOT NULL DEFAULT '0',
  PRIMARY KEY (`marg_name`)
) ENGINE=InnoDB DEFAULT CHARSET=utf8;

#
# Data for table "control_page_state"
#

INSERT INTO `control_page_state` VALUES ('main','BACK_GROUND',0,0),('main','BOTTOM',602,0),('main','DSP_HORSE',1,0),('main','FRAME',0,0),('sub','HEIGTH',0,0),('main','HORSE_1',1,0),('main','HORSE_2',1,0),('main','HORSE_3',1,0),('main','HORSE_4',-1,0),('main','HORSE_5',1,0),('main','HORSE_6',1,0),('main','LEFT',16,0),('main','LIGHT',0,0),('main','MRG_LEFT_BLOCKRN',128,0),('sub','num_of_ran',1,0),('main','REFRESH',1,0),('main','RIGHT',18,0),('main','TOP',11,0);

#
# Structure for table "gift_little"
#

DROP TABLE IF EXISTS `gift_little`;
CREATE TABLE `gift_little` (
  `id` int(11) NOT NULL AUTO_INCREMENT,
  `name` varchar(255) DEFAULT NULL,
  `type` varchar(255) DEFAULT NULL,
  `status` int(2) NOT NULL DEFAULT '0',
  `person_id` varchar(20) DEFAULT '0',
  `pic_code` int(11) NOT NULL DEFAULT '0',
  `name_show` varchar(255) DEFAULT '',
  `brand` varchar(255) DEFAULT NULL,
  PRIMARY KEY (`id`)
) ENGINE=InnoDB AUTO_INCREMENT=115 DEFAULT CHARSET=utf8 ROW_FORMAT=COMPACT;

#
# Data for table "gift_little"
#

INSERT INTO `gift_little` VALUES (1,'รางวัลใหญ่ เงินสด 3,000 บาท','A',0,'0',0,'รางวัลใหญ่ เงินสด 3,000 บาท',NULL),(2,'รางวัลใหญ่ เงินสด 3,000 บาท','A',0,'0',0,'รางวัลใหญ่ เงินสด 3,000 บาท',NULL),(3,'รางวัลเล็ก เงินสด 1,000 บาท','A',0,'0',0,'รางวัลเล็ก เงินสด 1,000 บาท',NULL),(4,'รางวัลเล็ก เงินสด 1,000 บาท','A',0,'0',0,'รางวัลเล็ก เงินสด 1,000 บาท',NULL),(5,'รางวัลเล็ก เงินสด 1,000 บาท','A',0,'0',0,'รางวัลเล็ก เงินสด 1,000 บาท',NULL),(6,'รางวัลเล็ก เงินสด 1,000 บาท','A',0,'0',0,'รางวัลเล็ก เงินสด 1,000 บาท',NULL),(7,'รางวัลเล็ก เงินสด 1,000 บาท','A',0,'0',0,'รางวัลเล็ก เงินสด 1,000 บาท',NULL),(8,'สำรอง 1','A',0,'0',0,'สำรอง 1',NULL),(9,'สำรอง 2','A',0,'0',0,'สำรอง 2',NULL),(10,'สำรอง 3','A',0,'0',0,'สำรอง 3',NULL),(11,'รางวัลใหญ่ เงินสด 3,000 บาท','B',0,'0',0,'รางวัลใหญ่ เงินสด 3,000 บาท',NULL),(12,'รางวัลใหญ่ เงินสด 3,000 บาท','B',0,'0',0,'รางวัลใหญ่ เงินสด 3,000 บาท',NULL),(13,'รางวัลเล็ก เงินสด 1,000 บาท','B',0,'0',0,'รางวัลเล็ก เงินสด 1,000 บาท',NULL),(14,'รางวัลเล็ก เงินสด 1,000 บาท','B',0,'0',0,'รางวัลเล็ก เงินสด 1,000 บาท',NULL),(15,'รางวัลเล็ก เงินสด 1,000 บาท','B',0,'0',0,'รางวัลเล็ก เงินสด 1,000 บาท',NULL),(16,'สำรอง 1','B',0,'0',0,'สำรอง 1',NULL),(17,'สำรอง 2','B',0,'0',0,'สำรอง 2',NULL),(18,'สำรอง 3','B',0,'0',0,'สำรอง 3',NULL),(19,'รางวัลใหญ่ เงินสด 3,000 บาท','C',0,'0',0,'รางวัลใหญ่ เงินสด 3,000 บาท',NULL),(20,'รางวัลใหญ่ เงินสด 3,000 บาท','C',0,'0',0,'รางวัลใหญ่ เงินสด 3,000 บาท',NULL),(21,'รางวัลเล็ก เงินสด 1,000 บาท','C',0,'0',0,'รางวัลเล็ก เงินสด 1,000 บาท',NULL),(22,'รางวัลเล็ก เงินสด 1,000 บาท','C',0,'0',0,'รางวัลเล็ก เงินสด 1,000 บาท',NULL),(23,'รางวัลเล็ก เงินสด 1,000 บาท','C',0,'0',0,'รางวัลเล็ก เงินสด 1,000 บาท',NULL),(24,'สำรอง 1','C',0,'0',0,'สำรอง 1',NULL),(25,'สำรอง 2','C',0,'0',0,'สำรอง 2',NULL),(26,'สำรอง 3','C',0,'0',0,'สำรอง 3',NULL),(27,'รางวัลใหญ่ เงินสด 3,000 บาท','D',0,'0',0,'รางวัลใหญ่ เงินสด 3,000 บาท',NULL),(28,'รางวัลใหญ่ เงินสด 3,000 บาท','D',0,'0',0,'รางวัลใหญ่ เงินสด 3,000 บาท',NULL),(29,'รางวัลใหญ่ เงินสด 3,000 บาท','D',0,'0',0,'รางวัลใหญ่ เงินสด 3,000 บาท',NULL),(30,'รางวัลใหญ่ เงินสด 3,000 บาท','D',0,'0',0,'รางวัลใหญ่ เงินสด 3,000 บาท',NULL),(31,'รางวัลใหญ่ เงินสด 3,000 บาท','D',0,'0',0,'รางวัลใหญ่ เงินสด 3,000 บาท',NULL),(32,'รางวัลเล็ก เงินสด 1,000 บาท','D',0,'0',0,'รางวัลเล็ก เงินสด 1,000 บาท',NULL),(33,'รางวัลเล็ก เงินสด 1,000 บาท','D',0,'0',0,'รางวัลเล็ก เงินสด 1,000 บาท',NULL),(34,'รางวัลเล็ก เงินสด 1,000 บาท','D',0,'0',0,'รางวัลเล็ก เงินสด 1,000 บาท',NULL),(35,'รางวัลเล็ก เงินสด 1,000 บาท','D',0,'0',0,'รางวัลเล็ก เงินสด 1,000 บาท',NULL),(36,'รางวัลเล็ก เงินสด 1,000 บาท','D',0,'0',0,'รางวัลเล็ก เงินสด 1,000 บาท',NULL),(37,'รางวัลเล็ก เงินสด 1,000 บาท','D',0,'0',0,'รางวัลเล็ก เงินสด 1,000 บาท',NULL),(38,'รางวัลเล็ก เงินสด 1,000 บาท','D',0,'0',0,'รางวัลเล็ก เงินสด 1,000 บาท',NULL),(39,'รางวัลเล็ก เงินสด 1,000 บาท','D',0,'0',0,'รางวัลเล็ก เงินสด 1,000 บาท',NULL),(40,'รางวัลเล็ก เงินสด 1,000 บาท','D',0,'0',0,'รางวัลเล็ก เงินสด 1,000 บาท',NULL),(41,'รางวัลเล็ก เงินสด 1,000 บาท','D',0,'0',0,'รางวัลเล็ก เงินสด 1,000 บาท',NULL),(42,'สำรอง 1','D',0,'0',0,'สำรอง 1',NULL),(43,'สำรอง 2','D',0,'0',0,'สำรอง 2',NULL),(44,'สำรอง 3','D',0,'0',0,'สำรอง 3',NULL),(45,'รางวัลใหญ่ เงินสด 3,000 บาท','E',0,'0',0,'รางวัลใหญ่ เงินสด 3,000 บาท',NULL),(46,'รางวัลใหญ่ เงินสด 3,000 บาท','E',0,'0',0,'รางวัลใหญ่ เงินสด 3,000 บาท',NULL),(47,'รางวัลเล็ก เงินสด 1,000 บาท','E',0,'0',0,'รางวัลเล็ก เงินสด 1,000 บาท',NULL),(48,'รางวัลเล็ก เงินสด 1,000 บาท','E',0,'0',0,'รางวัลเล็ก เงินสด 1,000 บาท',NULL),(49,'รางวัลเล็ก เงินสด 1,000 บาท','E',0,'0',0,'รางวัลเล็ก เงินสด 1,000 บาท',NULL),(50,'รางวัลเล็ก เงินสด 1,000 บาท','E',0,'0',0,'รางวัลเล็ก เงินสด 1,000 บาท',NULL),(51,'รางวัลเล็ก เงินสด 1,000 บาท','E',0,'0',0,'รางวัลเล็ก เงินสด 1,000 บาท',NULL),(52,'สำรอง 1','E',0,'0',0,'สำรอง 1',NULL),(53,'สำรอง 2','E',0,'0',0,'สำรอง 2',NULL),(54,'สำรอง 3','E',0,'0',0,'สำรอง 3',NULL),(55,'รางวัลใหญ่ เงินสด 3,000 บาท','F',0,'0',0,'รางวัลใหญ่ เงินสด 3,000 บาท',NULL),(56,'รางวัลใหญ่ เงินสด 3,000 บาท','F',0,'0',0,'รางวัลใหญ่ เงินสด 3,000 บาท',NULL),(57,'รางวัลใหญ่ เงินสด 3,000 บาท','F',0,'0',0,'รางวัลใหญ่ เงินสด 3,000 บาท',NULL),(58,'รางวัลใหญ่ เงินสด 3,000 บาท','F',0,'0',0,'รางวัลใหญ่ เงินสด 3,000 บาท',NULL),(59,'รางวัลเล็ก เงินสด 1,000 บาท','F',0,'0',0,'รางวัลเล็ก เงินสด 1,000 บาท',NULL),(60,'รางวัลเล็ก เงินสด 1,000 บาท','F',0,'0',0,'รางวัลเล็ก เงินสด 1,000 บาท',NULL),(61,'รางวัลเล็ก เงินสด 1,000 บาท','F',0,'0',0,'รางวัลเล็ก เงินสด 1,000 บาท',NULL),(62,'รางวัลเล็ก เงินสด 1,000 บาท','F',0,'0',0,'รางวัลเล็ก เงินสด 1,000 บาท',NULL),(63,'รางวัลเล็ก เงินสด 1,000 บาท','F',0,'0',0,'รางวัลเล็ก เงินสด 1,000 บาท',NULL),(64,'รางวัลเล็ก เงินสด 1,000 บาท','F',0,'0',0,'รางวัลเล็ก เงินสด 1,000 บาท',NULL),(65,'รางวัลเล็ก เงินสด 1,000 บาท','F',0,'0',0,'รางวัลเล็ก เงินสด 1,000 บาท',NULL),(66,'รางวัลเล็ก เงินสด 1,000 บาท','F',0,'0',0,'รางวัลเล็ก เงินสด 1,000 บาท',NULL),(67,'รางวัลเล็ก เงินสด 1,000 บาท','F',0,'0',0,'รางวัลเล็ก เงินสด 1,000 บาท',NULL),(68,'สำรอง 1','F',0,'0',0,'สำรอง 1',NULL),(69,'สำรอง 2','F',0,'0',0,'สำรอง 2',NULL),(70,'สำรอง 3','F',0,'0',0,'สำรอง 3',NULL),(71,'รางวัลใหญ่ เงินสด 3,000 บาท','G',0,'0',0,'รางวัลใหญ่ เงินสด 3,000 บาท',NULL),(72,'รางวัลใหญ่ เงินสด 3,000 บาท','G',0,'0',0,'รางวัลใหญ่ เงินสด 3,000 บาท',NULL),(73,'รางวัลเล็ก เงินสด 1,000 บาท','G',0,'0',0,'รางวัลเล็ก เงินสด 1,000 บาท',NULL),(74,'รางวัลเล็ก เงินสด 1,000 บาท','G',0,'0',0,'รางวัลเล็ก เงินสด 1,000 บาท',NULL),(75,'รางวัลเล็ก เงินสด 1,000 บาท','G',0,'0',0,'รางวัลเล็ก เงินสด 1,000 บาท',NULL),(76,'สำรอง 1','G',0,'0',0,'สำรอง 1',NULL),(77,'สำรอง 2','G',0,'0',0,'สำรอง 2',NULL),(78,'สำรอง 3','G',0,'0',0,'สำรอง 3',NULL),(79,'รางวัลใหญ่ เงินสด 3,000 บาท','H',0,'0',0,'รางวัลใหญ่ เงินสด 3,000 บาท',NULL),(80,'รางวัลใหญ่ เงินสด 3,000 บาท','H',0,'0',0,'รางวัลใหญ่ เงินสด 3,000 บาท',NULL),(81,'รางวัลใหญ่ เงินสด 3,000 บาท','H',0,'0',0,'รางวัลใหญ่ เงินสด 3,000 บาท',NULL),(82,'รางวัลใหญ่ เงินสด 3,000 บาท','H',0,'0',0,'รางวัลใหญ่ เงินสด 3,000 บาท',NULL),(83,'รางวัลเล็ก เงินสด 1,000 บาท','H',0,'0',0,'รางวัลเล็ก เงินสด 1,000 บาท',NULL),(84,'รางวัลเล็ก เงินสด 1,000 บาท','H',0,'0',0,'รางวัลเล็ก เงินสด 1,000 บาท',NULL),(85,'รางวัลเล็ก เงินสด 1,000 บาท','H',0,'0',0,'รางวัลเล็ก เงินสด 1,000 บาท',NULL),(86,'รางวัลเล็ก เงินสด 1,000 บาท','H',0,'0',0,'รางวัลเล็ก เงินสด 1,000 บาท',NULL),(87,'รางวัลเล็ก เงินสด 1,000 บาท','H',0,'0',0,'รางวัลเล็ก เงินสด 1,000 บาท',NULL),(88,'รางวัลเล็ก เงินสด 1,000 บาท','H',0,'0',0,'รางวัลเล็ก เงินสด 1,000 บาท',NULL),(89,'รางวัลเล็ก เงินสด 1,000 บาท','H',0,'0',0,'รางวัลเล็ก เงินสด 1,000 บาท',NULL),(90,'รางวัลเล็ก เงินสด 1,000 บาท','H',0,'0',0,'รางวัลเล็ก เงินสด 1,000 บาท',NULL),(91,'สำรอง 1','H',0,'0',0,'สำรอง 1',NULL),(92,'สำรอง 2','H',0,'0',0,'สำรอง 2',NULL),(93,'สำรอง 3','H',0,'0',0,'สำรอง 3',NULL),(94,'รางวัลใหญ่ เงินสด 3,000 บาท','I',0,'0',0,'รางวัลใหญ่ เงินสด 3,000 บาท',NULL),(95,'รางวัลใหญ่ เงินสด 3,000 บาท','I',0,'0',0,'รางวัลใหญ่ เงินสด 3,000 บาท',NULL),(96,'รางวัลใหญ่ เงินสด 3,000 บาท','I',0,'0',0,'รางวัลใหญ่ เงินสด 3,000 บาท',NULL),(97,'รางวัลเล็ก เงินสด 1,000 บาท','I',0,'0',0,'รางวัลเล็ก เงินสด 1,000 บาท',NULL),(98,'รางวัลเล็ก เงินสด 1,000 บาท','I',0,'0',0,'รางวัลเล็ก เงินสด 1,000 บาท',NULL),(99,'รางวัลเล็ก เงินสด 1,000 บาท','I',0,'0',0,'รางวัลเล็ก เงินสด 1,000 บาท',NULL),(100,'รางวัลเล็ก เงินสด 1,000 บาท','I',0,'0',0,'รางวัลเล็ก เงินสด 1,000 บาท',NULL),(101,'รางวัลเล็ก เงินสด 1,000 บาท','I',0,'0',0,'รางวัลเล็ก เงินสด 1,000 บาท',NULL),(102,'สำรอง 1','I',0,'0',0,'สำรอง 1',NULL),(103,'สำรอง 2','I',0,'0',0,'สำรอง 2',NULL),(104,'สำรอง 3','I',0,'0',0,'สำรอง 3',NULL),(105,'รางวัลใหญ่ เงินสด 3,000 บาท','J',0,'0',0,'รางวัลใหญ่ เงินสด 3,000 บาท',NULL),(106,'รางวัลใหญ่ เงินสด 3,000 บาท','J',0,'0',0,'รางวัลใหญ่ เงินสด 3,000 บาท',NULL),(107,'รางวัลเล็ก เงินสด 1,000 บาท','J',0,'0',0,'รางวัลเล็ก เงินสด 1,000 บาท',NULL),(108,'รางวัลเล็ก เงินสด 1,000 บาท','J',0,'0',0,'รางวัลเล็ก เงินสด 1,000 บาท',NULL),(109,'รางวัลเล็ก เงินสด 1,000 บาท','J',0,'0',0,'รางวัลเล็ก เงินสด 1,000 บาท',NULL),(110,'รางวัลเล็ก เงินสด 1,000 บาท','J',0,'0',0,'รางวัลเล็ก เงินสด 1,000 บาท',NULL),(111,'รางวัลเล็ก เงินสด 1,000 บาท','J',0,'0',0,'รางวัลเล็ก เงินสด 1,000 บาท',NULL),(112,'สำรอง 1','J',0,'0',0,'สำรอง 1',NULL),(113,'สำรอง 2','J',0,'0',0,'สำรอง 2',NULL),(114,'สำรอง 3','J',0,'0',0,'สำรอง 3',NULL);

#
# Structure for table "gift_pick_award"
#

DROP TABLE IF EXISTS `gift_pick_award`;
CREATE TABLE `gift_pick_award` (
  `Id` int(11) NOT NULL AUTO_INCREMENT,
  `name` varchar(255) DEFAULT NULL,
  `type` varchar(1) DEFAULT NULL,
  `status` int(1) DEFAULT NULL,
  `person_id` varchar(20) DEFAULT '0',
  `r_show` varchar(255) DEFAULT NULL,
  PRIMARY KEY (`Id`)
) ENGINE=InnoDB AUTO_INCREMENT=115 DEFAULT CHARSET=utf8;

#
# Data for table "gift_pick_award"
#

INSERT INTO `gift_pick_award` VALUES (1,'รางวัลใหญ่ เงินสด 3,000 บาท','A',1,'1264901370','ocg1'),(2,'รางวัลใหญ่ เงินสด 3,000 บาท','A',1,'6561050975','ocg1'),(3,'รางวัลเล็ก เงินสด 1,000 บาท','A',1,'2544500124','ocg1'),(4,'รางวัลเล็ก เงินสด 1,000 บาท','A',1,'7511050941','ocg1'),(5,'รางวัลเล็ก เงินสด 1,000 บาท','A',1,'1496801480','ocg1'),(6,'รางวัลเล็ก เงินสด 1,000 บาท','A',1,'5481140524','ocg1'),(7,'รางวัลเล็ก เงินสด 1,000 บาท','A',1,'6632050051','ocg1'),(8,'สำรอง 1','A',1,'7541051017','ocg1'),(9,'สำรอง 2','A',1,'1523311202','ocg1'),(10,'สำรอง 3','A',1,'1417700012','ocg1'),(11,'รางวัลใหญ่ เงินสด 3,000 บาท','B',1,'1602402704','ocg2'),(12,'รางวัลใหญ่ เงินสด 3,000 บาท','B',1,'1443308651','ocg2'),(13,'รางวัลเล็ก เงินสด 1,000 บาท','B',1,'1393308977','ocg2'),(14,'รางวัลเล็ก เงินสด 1,000 บาท','B',1,'5401271116','ocg2'),(15,'รางวัลเล็ก เงินสด 1,000 บาท','B',1,'3256200108','ocg2'),(16,'สำรอง 1','B',1,'5421010319','ocg2'),(17,'สำรอง 2','B',1,'1437600006','ocg2'),(18,'สำรอง 3','B',1,'6521050346','ocg2'),(19,'รางวัลใหญ่ เงินสด 3,000 บาท','C',0,NULL,NULL),(20,'รางวัลใหญ่ เงินสด 3,000 บาท','C',0,NULL,NULL),(21,'รางวัลเล็ก เงินสด 1,000 บาท','C',0,NULL,NULL),(22,'รางวัลเล็ก เงินสด 1,000 บาท','C',0,NULL,NULL),(23,'รางวัลเล็ก เงินสด 1,000 บาท','C',0,NULL,NULL),(24,'สำรอง 1','C',0,NULL,NULL),(25,'สำรอง 2','C',0,NULL,NULL),(26,'สำรอง 3','C',0,NULL,NULL),(27,'รางวัลใหญ่ เงินสด 3,000 บาท','D',1,'5395030309','ocg4'),(28,'รางวัลใหญ่ เงินสด 3,000 บาท','D',1,'1472801905','ocg4'),(29,'รางวัลใหญ่ เงินสด 3,000 บาท','D',1,'1355400117','ocg4'),(30,'รางวัลใหญ่ เงินสด 3,000 บาท','D',1,'3403300123','ocg4'),(31,'รางวัลใหญ่ เงินสด 3,000 บาท','D',1,'1446000568','ocg4'),(32,'รางวัลเล็ก เงินสด 1,000 บาท','D',1,'6627050395','ocg4'),(33,'รางวัลเล็ก เงินสด 1,000 บาท','D',1,'1246200440','ocg4'),(34,'รางวัลเล็ก เงินสด 1,000 บาท','D',1,'7511050938','ocg4'),(35,'รางวัลเล็ก เงินสด 1,000 บาท','D',1,'5351230704','ocg4'),(36,'รางวัลเล็ก เงินสด 1,000 บาท','D',1,'5431140613','ocg4'),(37,'รางวัลเล็ก เงินสด 1,000 บาท','D',1,'2353300543','ocg4'),(38,'รางวัลเล็ก เงินสด 1,000 บาท','D',1,'1353306944','ocg4'),(39,'รางวัลเล็ก เงินสด 1,000 บาท','D',1,'1532100928','ocg4'),(40,'รางวัลเล็ก เงินสด 1,000 บาท','D',1,'1574902120','ocg4'),(41,'รางวัลเล็ก เงินสด 1,000 บาท','D',1,'6591050103','ocg4'),(42,'สำรอง 1','D',1,'1496900319','ocg4'),(43,'สำรอง 2','D',1,'5481100320','ocg4'),(44,'สำรอง 3','D',1,'1393313023','ocg4'),(45,'รางวัลใหญ่ เงินสด 3,000 บาท','E',1,'1423314784','ocg5'),(46,'รางวัลใหญ่ เงินสด 3,000 บาท','E',1,'8591050631','ocg5'),(47,'รางวัลเล็ก เงินสด 1,000 บาท','E',1,'6321191209','ocg5'),(48,'รางวัลเล็ก เงินสด 1,000 บาท','E',1,'1403302643','ocg5'),(49,'รางวัลเล็ก เงินสด 1,000 บาท','E',1,'2295400024','ocg5'),(50,'รางวัลเล็ก เงินสด 1,000 บาท','E',1,'1393313025','ocg5'),(51,'รางวัลเล็ก เงินสด 1,000 บาท','E',1,'1427501062','ocg5'),(52,'สำรอง 1','E',1,'5461080222','ocg5'),(53,'สำรอง 2','E',1,'1422402276','ocg5'),(54,'สำรอง 3','E',1,'6291101207','ocg5'),(55,'รางวัลใหญ่ เงินสด 3,000 บาท','F',0,NULL,NULL),(56,'รางวัลใหญ่ เงินสด 3,000 บาท','F',0,NULL,NULL),(57,'รางวัลใหญ่ เงินสด 3,000 บาท','F',0,NULL,NULL),(58,'รางวัลใหญ่ เงินสด 3,000 บาท','F',0,NULL,NULL),(59,'รางวัลเล็ก เงินสด 1,000 บาท','F',0,NULL,NULL),(60,'รางวัลเล็ก เงินสด 1,000 บาท','F',0,NULL,NULL),(61,'รางวัลเล็ก เงินสด 1,000 บาท','F',0,NULL,NULL),(62,'รางวัลเล็ก เงินสด 1,000 บาท','F',0,NULL,NULL),(63,'รางวัลเล็ก เงินสด 1,000 บาท','F',0,NULL,NULL),(64,'รางวัลเล็ก เงินสด 1,000 บาท','F',0,NULL,NULL),(65,'รางวัลเล็ก เงินสด 1,000 บาท','F',0,NULL,NULL),(66,'รางวัลเล็ก เงินสด 1,000 บาท','F',0,NULL,NULL),(67,'รางวัลเล็ก เงินสด 1,000 บาท','F',0,NULL,NULL),(68,'สำรอง 1','F',0,NULL,NULL),(69,'สำรอง 2','F',0,NULL,NULL),(70,'สำรอง 3','F',0,NULL,NULL),(71,'รางวัลใหญ่ เงินสด 3,000 บาท','G',0,NULL,NULL),(72,'รางวัลใหญ่ เงินสด 3,000 บาท','G',0,NULL,NULL),(73,'รางวัลเล็ก เงินสด 1,000 บาท','G',0,NULL,NULL),(74,'รางวัลเล็ก เงินสด 1,000 บาท','G',0,NULL,NULL),(75,'รางวัลเล็ก เงินสด 1,000 บาท','G',0,NULL,NULL),(76,'สำรอง 1','G',0,NULL,NULL),(77,'สำรอง 2','G',0,NULL,NULL),(78,'สำรอง 3','G',0,NULL,NULL),(79,'รางวัลใหญ่ เงินสด 3,000 บาท','H',1,'3273300305','ocg8'),(80,'รางวัลใหญ่ เงินสด 3,000 บาท','H',1,'1363310209','ocg8'),(81,'รางวัลใหญ่ เงินสด 3,000 บาท','H',1,'1532402133','ocg8'),(82,'รางวัลใหญ่ เงินสด 3,000 บาท','H',1,'5481310126','ocg8'),(83,'รางวัลเล็ก เงินสด 1,000 บาท','H',1,'1487103716','ocg8'),(84,'รางวัลเล็ก เงินสด 1,000 บาท','H',1,'1513308794','ocg8'),(85,'รางวัลเล็ก เงินสด 1,000 บาท','H',1,'1235000964','ocg8'),(86,'รางวัลเล็ก เงินสด 1,000 บาท','H',1,'1583303505','ocg8'),(87,'รางวัลเล็ก เงินสด 1,000 บาท','H',1,'1442402013','ocg8'),(88,'รางวัลเล็ก เงินสด 1,000 บาท','H',1,'1562102354','ocg8'),(89,'รางวัลเล็ก เงินสด 1,000 บาท','H',1,'6601050096','ocg8'),(90,'รางวัลเล็ก เงินสด 1,000 บาท','H',1,'5371210314','ocg8'),(91,'สำรอง 1','H',1,'6511050848','ocg8'),(92,'สำรอง 2','H',1,'5371091216','ocg8'),(93,'สำรอง 3','H',1,'1283315398','ocg8'),(94,'รางวัลใหญ่ เงินสด 3,000 บาท','I',1,'6632050504','ocg9'),(95,'รางวัลใหญ่ เงินสด 3,000 บาท','I',1,'1503323233','ocg9'),(96,'รางวัลใหญ่ เงินสด 3,000 บาท','I',1,'6627050397','ocg9'),(97,'รางวัลเล็ก เงินสด 1,000 บาท','I',1,'7491050228','ocg9'),(98,'รางวัลเล็ก เงินสด 1,000 บาท','I',1,'6461290717','ocg9'),(99,'รางวัลเล็ก เงินสด 1,000 บาท','I',1,'6627050398','ocg9'),(100,'รางวัลเล็ก เงินสด 1,000 บาท','I',1,'6481130818','ocg9'),(101,'รางวัลเล็ก เงินสด 1,000 บาท','I',1,'5431050517','ocg9'),(102,'สำรอง 1','I',1,'1510201139','ocg9'),(103,'สำรอง 2','I',1,'6632050309','ocg9'),(104,'สำรอง 3','I',1,'8351271013','ocg9'),(105,'รางวัลใหญ่ เงินสด 3,000 บาท','J',0,NULL,NULL),(106,'รางวัลใหญ่ เงินสด 3,000 บาท','J',0,NULL,NULL),(107,'รางวัลเล็ก เงินสด 1,000 บาท','J',0,NULL,NULL),(108,'รางวัลเล็ก เงินสด 1,000 บาท','J',0,NULL,NULL),(109,'รางวัลเล็ก เงินสด 1,000 บาท','J',0,NULL,NULL),(110,'รางวัลเล็ก เงินสด 1,000 บาท','J',0,NULL,NULL),(111,'รางวัลเล็ก เงินสด 1,000 บาท','J',0,NULL,NULL),(112,'สำรอง 1','J',0,NULL,NULL),(113,'สำรอง 2','J',0,NULL,NULL),(114,'สำรอง 3','J',0,NULL,NULL);

#
# Structure for table "idkeng"
#

DROP TABLE IF EXISTS `idkeng`;
CREATE TABLE `idkeng` (
  `Id` int(1) NOT NULL DEFAULT '0',
  PRIMARY KEY (`Id`)
) ENGINE=InnoDB DEFAULT CHARSET=utf8;

#
# Data for table "idkeng"
#

INSERT INTO `idkeng` VALUES (1211201486),(1221901267),(1222103058),(1222401052),(1223307464),(1226300832),(1233312655),(1235200642),(1243302689),(1243305049),(1251000005),(1253304522),(1263301062),(1263303717),(1263316542),(1266801628),(1267100074),(1271001024),(1271301255),(1272400176),(1273307138),(1273312006),(1273401487),(1274602331),(1281800021),(1281900008),(1282200059),(1282400803),(1283303424),(1283303508),(1283310271),(1283311148),(1283311157),(1284900011),(1285400910),(1287000150),(1292100493),(1292100523),(1293300141),(1293311754),(1293312030),(1293313903),(1293315128),(1293315851),(1293800565),(1294901023),(1296000015),(1296101330),(1296300176),(1301300818),(1302000003),(1302900656),(1303312259),(1305400358),(1305800019),(1306100016),(1311002075),(1312101424),(1312301029),(1312302311),(1312400783),(1313303280),(1313310089),(1313314526),(1313316685),(1313325248),(1313401974),(1315001543),(1315800006),(1316402425),(1316900268),(1320200935),(1320701316),(1321100430),(1323300131),(1323310709),(1323312487),(1323317209),(1324901943),(1325402099),(1326000151),(1326100824),(1326700404),(1331901243),(1333300637),(1333308243),(1333308421),(1333310064),(1333700287),(1333800295),(1334300396),(1335002330),(1336700578),(1336700579),(1336802174),(1340200017),(1341800014),(1342000006),(1342100039),(1342300394),(1342800312),(1343300006),(1343300009),(1343304085),(1345101148),(1345800206),(1346100008),(1346300429),(1346700017),(1346700514),(1346700705),(1346700930),(1350504322),(1352000487),(1353304805),(1353304822),(1353310345),(1353310591),(1354600338),(1354800012),(1355001250),(1356401598),(1356800909),(1361301125),(1362100765),(1363300571),(1363300579),(1363300597),(1363300982),(1363309545),(1363402596),(1363700280),(1363800334),(1372300034),(1373300572),(1373300598),(1373300729),(1373800403),(1374800006),(1375001316),(1375001330),(1375002414),(1380400107),(1382101541),(1382900787),(1383000285),(1383100756),(1383301984),(1383303574),(1383308702),(1383800737),(1384000498),(1384100133),(1387100724),(1390900419),(1392101598),(1392302449),(1393301758),(1393307184),(1393312043),(1393313148),(1393313232),(1395200304),(1396200019),(1400900666),(1402300016),(1402400458),(1402901175),(1403300416),(1403300517),(1405000927),(1405000946),(1405000951),(1405900109),(1406100680),(1406700279),(1410500919),(1410800685),(1411900783),(1412900599),(1413300303),(1413303924),(1413307309),(1413314442),(1414600650),(1414900923),(1414900925),(1414900927),(1415000299),(1415400733),(1415900068),(1416600315),(1416600448),(1417200606),(1417700193),(1420900151),(1422300348),(1422300655),(1422400731),(1423300329),(1423300356),(1423300415),(1423400869),(1424100356),(1425001029),(1427300615),(1431000467),(1431800407),(1431800409),(1432000043),(1432102451),(1432400603),(1433300281),(1433300289),(1433300406),(1433312563),(1433801246),(1433801250),(1435000931),(1435000936),(1436401177),(1436501099),(1437000794),(1440600377),(1441100765),(1441800296),(1443300359),(1443300362),(1443300375),(1443300382),(1443300485),(1443300501),(1443300512),(1443302614),(1443316361),(1443800518),(1444503411),(1445101145),(1446100476),(1447700299),(1450700023),(1451000652),(1451000653),(1451500004),(1451600012),(1452300017),(1452300020),(1452400089),(1452802002),(1452900657),(1452900812),(1453000024),(1453300303),(1453300385),(1453300432),(1454900848),(1455000028),(1455800021),(1456300242),(1457200444),(1460600179),(1460700322),(1462101768),(1462900248),(1462900263),(1463300231),(1463300258),(1463300308),(1463300327),(1463300394),(1463304537),(1464700115),(1466400648),(1467300746),(1470200492),(1470200495),(1470600176),(1470800154),(1471000729),(1471800108),(1472301853),(1473300132),(1473300178),(1473300191),(1473300198),(1473301902),(1473400340),(1473400345),(1474001840),(1474300424),(1474600889),(1474900434),(1474900441),(1475000384),(1477200356),(1480100285),(1480700385),(1480700390),(1480800349),(1481900049),(1482900098),(1483301327),(1483301330),(1483301342),(1483301352),(1483301360),(1483700399),(1483900227),(1484601184),(1485800240),(1486101275),(1486700134),(1487000162),(1487101321),(1490501001),(1490800400),(1491200785),(1492300350),(1492300353),(1492900859),(1493100196),(1493100197),(1493100202),(1493305799),(1493305807),(1493311831),(1493312283),(1493316149),(1493317492),(1495000347),(1496000130),(1496200106),(1500301416),(1500301708),(1500801029),(1500900109),(1501500107),(1501800009),(1502100015),(1502100016),(1502100023),(1502900016),(1503306195),(1503306215),(1503306224),(1503309237),(1503309271),(1503313905),(1503800297),(1503900006),(1504000041),(1504600012),(1505200002),(1505400963),(1506700057),(1510500062),(1511000044),(1511400843),(1512300055),(1512300725),(1513300088),(1514000049),(1514600091),(1514800060),(1515000080),(1515000082),(1515401649),(1515404164),(1522900007),(1523300351),(1523303513),(1523400009),(1523900768),(1524700002),(1524900304),(1524900308),(1525000340),(1525401603),(1526700115),(1530200494),(1530201242),(1530801991),(1531300843),(1532400006),(1532600021),(1533300057),(1533301483),(1533301500),(1533301501),(1533301549),(1533301608),(1533311308),(1533800013),(1534301611),(1534900008),(1535000010),(1535100557),(1540101278),(1540802183),(1540900475),(1542105519),(1542901803),(1543303221),(1543314651),(1543314700),(1543601635),(1543801779),(1545000692),(1545900420),(1547301349),(1551000932),(1551600629),(1551800148),(1551800509),(1552102045),(1552102135),(1552201381),(1552400418),(1553400424),(1554900481),(1555000486),(1555000488),(1556400497),(1560302402),(1561100333),(1561800153),(1562300458),(1562300459),(1562300460),(1562300461),(1562300462),(1562402831),(1562802328),(1563303685),(1565001785),(1565800555),(1566100523),(1566400421),(1566900365),(1567103216),(1570200543),(1571002823),(1571300673),(1571300675),(1571400515),(1572200008),(1572301337),(1572301338),(1572400594),(1572801822),(1572900664),(1572900665),(1573000298),(1573302302),(1573302490),(1573302547),(1574000564),(1574700165),(1575800745),(1575900136),(1576601304),(1576700422),(1577103405),(1580200528),(1580302637),(1580600139),(1580800299),(1581800294),(1581900297),(1581900520),(1581900521),(1582101135),(1582201949),(1582500092),(1582600375),(1582600965),(1582601337),(1582900579),(1583000409),(1583300032),(1583303263),(1583306722),(1583309043),(1583700271),(1583801286),(1583900877),(1584900657),(1585402365),(1585501887),(1585900127),(1586401047),(1587103302),(1587300412),(1587300413),(1590201916),(1590302913),(1590504542),(1590800966),(1591303986),(1591902196),(1592104582),(1592201960),(1592400027),(1592403735),(1592500828),(1592803225),(1592902850),(1592902895),(1593300058),(1593300060),(1593300061),(1593302548),(1593305286),(1593311248),(1593311294),(1593311296),(1593311299),(1593311300),(1593317322),(1593317324),(1593317325),(1593400010),(1593401963),(1593700957),(1594000675),(1594002280),(1594902183),(1596200539),(1596200540),(1596200547),(1596700657),(1596901272),(1597701111),(1600501229),(1600803320),(1601002149),(1601400006),(1601600003),(1601902009),(1602400036),(1602400052),(1602400063),(1602400530),(1602601405),(1602601406),(1602606191),(1602802938),(1602900003),(1603300058),(1603300079),(1603304147),(1603313293),(1603313294),(1603313296),(1603400429),(1603401768),(1603801557),(1603901023),(1604200888),(1604200889),(1604302281),(1604400482),(1604700362),(1604901746),(1605001841),(1605403834),(1605800021),(1606000375),(1606000760),(1606100512),(1606502101),(1606803818),(1611200911),(1611600401),(1612100099),(1612101884),(1612300515),(1612300516),(1613000287),(1613100423),(1613300120),(1613300123),(1613300124),(1613300142),(1613301797),(1613301799),(1613301800),(1613301801),(1613301802),(1613301803),(1613301805),(1613400009),(1615200004),(1615401236),(1615600856),(1615800024),(1615800528),(1615800529),(1616200138),(1616200139),(1616502163),(1621200830),(1621800151),(1622400020),(1623400044),(1623400046),(1623600411),(1625800031),(1626600005),(2147483647);

#
# Structure for table "log_gift"
#

DROP TABLE IF EXISTS `log_gift`;
CREATE TABLE `log_gift` (
  `DT_set` datetime NOT NULL DEFAULT '0000-00-00 00:00:00',
  `mode` varchar(100) NOT NULL DEFAULT '',
  `desc_gift` varchar(255) DEFAULT NULL,
  `from_pos` varchar(255) DEFAULT NULL
) ENGINE=InnoDB DEFAULT CHARSET=utf8;

#
# Data for table "log_gift"
#

INSERT INTO `log_gift` VALUES ('2020-09-17 08:56:37','radom_super',NULL,'P_Random_Super เป็น Procedure ใน db'),('2020-09-17 08:56:37','radom_super',NULL,'P_Random_Super เป็น Procedure ใน db'),('2020-09-17 08:56:37','radom_super',NULL,'P_Random_Super เป็น Procedure ใน db'),('2020-09-17 08:59:07','waiver_person',NULL,'P_waiver เป็น Procedure ใน db'),('2020-09-17 08:59:27','radom_super',NULL,'P_Random_Super เป็น Procedure ใน db'),('2020-09-17 08:59:27','radom_super',NULL,'P_Random_Super เป็น Procedure ใน db'),('2020-09-17 08:59:27','radom_super',NULL,'P_Random_Super เป็น Procedure ใน db'),('2020-09-17 09:06:28','radom_super',NULL,'P_Random_Super เป็น Procedure ใน db'),('2020-09-17 09:06:28','radom_super',NULL,'P_Random_Super เป็น Procedure ใน db'),('2020-09-17 09:06:28','radom_super',NULL,'P_Random_Super เป็น Procedure ใน db'),('2020-09-17 09:07:21','radom_super',NULL,'P_Random_Super เป็น Procedure ใน db'),('2020-09-17 09:07:21','radom_super',NULL,'P_Random_Super เป็น Procedure ใน db'),('2020-09-17 09:07:21','radom_super',NULL,'P_Random_Super เป็น Procedure ใน db'),('2020-09-17 09:07:54','radom_super',NULL,'P_Random_Super เป็น Procedure ใน db'),('2020-09-17 09:07:54','radom_super',NULL,'P_Random_Super เป็น Procedure ใน db'),('2020-09-17 09:07:54','radom_super',NULL,'P_Random_Super เป็น Procedure ใน db'),('2020-09-17 09:17:09','radom_super',NULL,'P_Random_Super เป็น Procedure ใน db'),('2020-09-17 09:17:09','radom_super',NULL,'P_Random_Super เป็น Procedure ใน db'),('2020-09-17 09:17:09','radom_super',NULL,'P_Random_Super เป็น Procedure ใน db'),('2020-09-17 09:17:44','radom_super',NULL,'P_Random_Super เป็น Procedure ใน db'),('2020-09-17 09:17:44','radom_super',NULL,'P_Random_Super เป็น Procedure ใน db'),('2020-09-17 09:17:44','radom_super',NULL,'P_Random_Super เป็น Procedure ใน db');

#
# Structure for table "person"
#

DROP TABLE IF EXISTS `person`;
CREATE TABLE `person` (
  `pk` int(11) NOT NULL DEFAULT '0',
  `id` varchar(20) NOT NULL,
  `rank` int(2) DEFAULT NULL,
  `name` varchar(100) NOT NULL,
  `mil_force` int(1) DEFAULT NULL,
  `gender` int(1) DEFAULT NULL,
  `unit_show` varchar(100) DEFAULT NULL,
  `unit_case` varchar(100) DEFAULT NULL,
  `unit_case_super` varchar(100) DEFAULT NULL,
  `gid` varchar(100) DEFAULT NULL,
  `status_super` int(2) NOT NULL DEFAULT '0',
  `status_little` int(2) NOT NULL DEFAULT '0',
  `pictype` varchar(100) DEFAULT '',
  PRIMARY KEY (`id`)
) ENGINE=InnoDB DEFAULT CHARSET=utf8 ROW_FORMAT=DYNAMIC;

#
# Data for table "person"
#

INSERT INTO `person` VALUES (0,'',NULL,'',NULL,NULL,NULL,NULL,NULL,NULL,0,0,NULL),(168,'1235000964',NULL,'พ.อ. วีระ  ศรีพันธุ์',NULL,NULL,'กงป.ฯ','ocg8',NULL,NULL,0,1,'jpg'),(53,'1246200440',NULL,'พ.อ. ลำพันธุ์  แสงทอง',NULL,NULL,'กกล.ฯ','ocg4',NULL,NULL,0,1,'jpg'),(20,'1253313783',NULL,'พ.อ. สุกิจ  เข็มศรี',NULL,NULL,'กบท.ฯ','ocg2',NULL,NULL,0,1,'jpg'),(97,'1263316601',NULL,'พ.อ. เชษฐา  โกมลกนก',NULL,NULL,'กจก.ฯ','ocg5',NULL,NULL,0,0,'jpg'),(1,'1264901370',NULL,'พ.อ. เอกชัย  สายะสิทธิ์',NULL,NULL,'กคก.ฯ','ocg1',NULL,NULL,0,1,'jpg'),(228,'1273311179',NULL,'พ.อ. ประจักษ์  แสงจันทร์ผ่อง',NULL,NULL,'กตป.ฯ','ocg10',NULL,NULL,0,0,'jpg'),(167,'1283315398',NULL,'พ.อ. อนุชา  จันทรโชติ',NULL,NULL,'กงป.ฯ','ocg8',NULL,NULL,0,1,'jpg'),(50,'1283701409',NULL,'พ.อ. ปัญญา    สังข์ทอง',NULL,NULL,'กกล.ฯ','ocg4',NULL,NULL,0,1,'jpg'),(118,'1296000187',NULL,'น.อ. วิทยา  เสือคง',NULL,NULL,'สน.ปช.','ocg6',NULL,NULL,0,0,'jpg'),(154,'1303307844',NULL,'พ.ท. ศรัณย์  เจียมเจริญ',NULL,NULL,'กกม.ฯ','ocg7',NULL,NULL,0,0,'jpg'),(98,'1313101501',NULL,'พ.อ. รัชพล  เจริญยิ่ง',NULL,NULL,'กจก.ฯ','ocg5',NULL,NULL,0,0,'jpg'),(64,'1313310091',NULL,'จ.ส.อ. พรพรหม  เลาหตระกูล',NULL,NULL,'กกล.ฯ','ocg4',NULL,NULL,0,0,'jpg'),(229,'1313323882',NULL,'น.อ. ชลัติ  เฉลยจรรยา',NULL,NULL,'กตป.ฯ','ocg10',NULL,NULL,0,0,'jpg'),(227,'1343102757',NULL,'พ.อ. ณัฐกร  เข็มทอง',NULL,NULL,'กตป.ฯ','ocg10',NULL,NULL,0,0,'jpg'),(138,'1346401908',NULL,'ร.ท. วิชัย  เพ็งศรี',NULL,NULL,'ผกง.','ocg6',NULL,NULL,0,0,'jpg'),(110,'1352901535',NULL,'ร.ต. ศิรพงศ์  สุขใจ',NULL,NULL,'กจก.ฯ','ocg5',NULL,NULL,1,0,'jpg'),(49,'1353306944',NULL,'พ.อ. นิธิ  วงศ์วานิช',NULL,NULL,'กกล.ฯ','ocg4',NULL,NULL,0,1,'jpg'),(65,'1355400117',NULL,'พ.อ.อ. มานะ  บุญเยี่ยม',NULL,NULL,'กกล.ฯ','ocg4',NULL,NULL,0,1,'jpg'),(155,'1360301135',NULL,'น.ท. ไพบูลย์  นาสมจิตร  ร.น.',NULL,NULL,'กกม.ฯ','ocg7',NULL,NULL,0,0,'jpg'),(159,'1362301086',NULL,'ร.ท. สมนึก  กลึงพุดซา  ร.น.',NULL,NULL,'กกม.ฯ','ocg7',NULL,NULL,0,0,'jpg'),(119,'1362400876',NULL,'พ.อ. จิรเดช  พงศ์สุวรรณ',NULL,NULL,'สน.ปช.','ocg6',NULL,NULL,0,0,'jpg'),(172,'1363310209',NULL,'พ.อ. กีรดิศ  ชื่นบุญ',NULL,NULL,'กงป.ฯ','ocg8',NULL,NULL,0,1,'jpg'),(69,'1363313039',NULL,'จ.ส.อ. กิตติพล  ปานกระหนก',NULL,NULL,'กกล.ฯ','ocg4',NULL,NULL,0,0,'jpg'),(137,'1363313381',NULL,'ร.อ. อาคม  เจริญศิริ',NULL,NULL,'ผกง.','ocg6',NULL,NULL,0,0,'jpg'),(127,'1364200319',NULL,'จ.ส.อ. สมศักดิ์  พรตันติพงศ์',NULL,NULL,'สน.ปช.','ocg6',NULL,NULL,0,0,'jpg'),(108,'1373314682',NULL,'ร.ท. สุทธิชัย  ทัพไชย',NULL,NULL,'กจก.ฯ','ocg5',NULL,NULL,0,0,'jpg'),(125,'1382401013',NULL,'ร.อ. นิพนธ์  จันทร์พา',NULL,NULL,'สน.ปช.','ocg6',NULL,NULL,0,0,'jpg'),(157,'1386700279',NULL,'ร.อ. จักรพงษ์  สังเกตุกิจ',NULL,NULL,'กกม.ฯ','ocg7',NULL,NULL,0,0,'jpg'),(208,'1392900469',NULL,'พ.ท. พิษณุ  บุญบัวทอง',NULL,NULL,'กคป.ฯ','ocg9',NULL,NULL,0,0,'jpg'),(39,'1393302267',NULL,'พ.ท. อัครเดช  ศศิสุทธินานนท์',NULL,NULL,'กพร.ฯ','ocg3',NULL,NULL,0,0,'jpg'),(21,'1393308977',NULL,'พ.อ. ระวินทร์  ศรีวิทยา',NULL,NULL,'กบท.ฯ','ocg2',NULL,NULL,0,1,'jpg'),(77,'1393313023',NULL,'ส.อ. สุทัต  วัชรเสวี',NULL,NULL,'กกล.ฯ','ocg4',NULL,NULL,0,1,'jpg'),(106,'1393313025',NULL,'ร.ท. ชัยวัฒน์  พลอยมีรัศมี',NULL,NULL,'กจก.ฯ','ocg5',NULL,NULL,0,1,'jpg'),(38,'1396901316',NULL,'พ.ท. ชัยวัฒณ์  ท่ากระเบา',NULL,NULL,'กพร.ฯ','ocg3',NULL,NULL,0,0,'jpg'),(169,'1400900439',NULL,'พ.อ. พงศภัค  ลิมปิยนันท์',NULL,NULL,'กงป.ฯ','ocg8',NULL,NULL,0,1,'jpg'),(105,'1403302643',NULL,'พ.ต. นัฐพล  เจียรนำวงศ์',NULL,NULL,'กจก.ฯ','ocg5',NULL,NULL,1,1,'jpg'),(191,'1403302644',NULL,'จ.ส.อ. พินิจ  เอี่ยมชู',NULL,NULL,'กงป.ฯ','ocg8',NULL,NULL,0,1,'jpg'),(25,'1403312936',NULL,'พ.ท. เดชาวุฒิ  ฉ่ำเฉียวกุล',NULL,NULL,'กบท.ฯ','ocg2',NULL,NULL,0,1,'jpg'),(156,'1403801484',NULL,'พ.ต. อนุวัตร  คงกล่อม',NULL,NULL,'กกม.ฯ','ocg7',NULL,NULL,0,0,'jpg'),(160,'1413300302',NULL,'จ.ส.อ. ศักดิ์เลิศ  ใจชอบ',NULL,NULL,'กกม.ฯ','ocg7',NULL,NULL,0,0,'jpg'),(120,'1413303837',NULL,'พ.อ. ศุภร  พึ่งเนตร',NULL,NULL,'สน.ปช.','ocg6',NULL,NULL,0,0,'jpg'),(9,'1417700012',NULL,'จ.ส.อ. นำชัย  จันทรเนตร',NULL,NULL,'กคก.ฯ','ocg1',NULL,NULL,0,1,'jpg'),(100,'1422402276',NULL,'พ.ท. เสมา  กระต่ายทอง',NULL,NULL,'กจก.ฯ','ocg5',NULL,NULL,0,1,'jpg'),(103,'1423314784',NULL,'น.ท. ชนินทร์  จีนแสร์',NULL,NULL,'กจก.ฯ','ocg5',NULL,NULL,0,1,'jpg'),(111,'1427501062',NULL,'ร.ต. ภัทรศักดิ์  เพ็ชรสมบัติ',NULL,NULL,'กจก.ฯ','ocg5',NULL,NULL,0,1,'jpg'),(161,'1430300495',NULL,'พ.จ.อ. ธีระศักดิ์  ภูสีดวง',NULL,NULL,'กกม.ฯ','ocg7',NULL,NULL,0,0,'jpg'),(122,'1432400614',NULL,'พ.ท. สุระ  เมนะสูต',NULL,NULL,'สน.ปช.','ocg6',NULL,NULL,0,0,'jpg'),(24,'1437600006',NULL,'พ.อ. วินัย  เทพศิริ',NULL,NULL,'กบท.ฯ','ocg2',NULL,NULL,0,1,'jpg'),(181,'1442402013',NULL,'พ.ต. วิทยา  อนันต์สิทธิชัย',NULL,NULL,'กงป.ฯ','ocg8',NULL,NULL,0,1,'jpg'),(32,'1443308651',NULL,'จ.ส.อ. รุ่งโรจ  อุจจเสน',NULL,NULL,'กบท.ฯ','ocg2',NULL,NULL,1,1,'jpg'),(233,'1445001877',NULL,'พ.ต. อัศวิน  อ่อนจันทร์',NULL,NULL,'กตป.ฯ','ocg10',NULL,NULL,0,0,'jpg'),(62,'1446000568',NULL,'ร.ต. ณัฐวุฒิ  เลาสมบูรณ์',NULL,NULL,'กกล.ฯ','ocg4',NULL,NULL,0,1,'jpg'),(109,'1453302444',NULL,'ร.ต. เทวฤทธิ์  เงาศรี',NULL,NULL,'กจก.ฯ','ocg5',NULL,NULL,0,0,'jpg'),(126,'1454100390',NULL,'ร.ต. อภิสิทธิ์  การะเวก ร.น.',NULL,NULL,'สน.ปช.','ocg6',NULL,NULL,0,0,'jpg'),(26,'1454500355',NULL,'พ.ท. ศิริพงษ์  การกระวี',NULL,NULL,'กบท.ฯ','ocg2',NULL,NULL,0,1,'jpg'),(84,'1472401022',NULL,'ส.ท. ชัยนันท์  สุขสำราญ',NULL,NULL,'กกล.ฯ','ocg4',NULL,NULL,0,1,'jpg'),(73,'1472801905',NULL,'จ.ส.อ. เอกราช  นุขผักแว่น',NULL,NULL,'กกล.ฯ','ocg4',NULL,NULL,0,1,'jpg'),(45,'1475800380',NULL,'จ.ส.อ. สมหมาย   ภาณุรัตน์',NULL,NULL,'กพร.ฯ','ocg3',NULL,NULL,0,0,'jpg'),(234,'1476500254',NULL,'ร.ท. พิสุทธิ์  โพธิ์อ้น',NULL,NULL,'กตป.ฯ','ocg10',NULL,NULL,0,0,'jpg'),(3,'1480504247',NULL,'ร.อ. ธีรพล  ยอดสง่า',NULL,NULL,'กคก.ฯ','ocg1',NULL,NULL,0,0,'jpg'),(129,'1482400364',NULL,'จ.ส.อ. นฤนาท  มีมา',NULL,NULL,'สน.ปช.','ocg6',NULL,NULL,0,0,'jpg'),(194,'1487103716',NULL,'พ.จ.อ. สุริยัน  พลพิพัฒน์',NULL,NULL,'กงป.ฯ','ocg8',NULL,NULL,0,1,'jpg'),(210,'1491300985',NULL,'น.ต. รัตกุล  ระวิน',NULL,NULL,'กคป.ฯ','ocg9',NULL,NULL,0,0,'jpg'),(163,'1494001564',NULL,'จ.ส.อ. ณัฐกานต์  ปานนิล',NULL,NULL,'กกม.ฯ','ocg7',NULL,NULL,0,0,'jpg'),(18,'1496801480',NULL,'จ.ส.ต. วศิน  แก้วแสงใส',NULL,NULL,'ผธก.สบท.ฯ','ocg1',NULL,NULL,0,1,'jpg'),(78,'1496900319',NULL,'จ.อ. อำพล  เลิกจิ๋ว',NULL,NULL,'กกล.ฯ','ocg4',NULL,NULL,0,1,'jpg'),(158,'1503300236',NULL,'ร.อ. สมภพ  ม่วงจินดา ร.น.',NULL,NULL,'กกม.ฯ','ocg7',NULL,NULL,0,0,'jpg'),(220,'1503323233',NULL,'จ.ส.อ. พิชญะ  อร่ามพงษ์',NULL,NULL,'กคป.ฯ','ocg9',NULL,NULL,0,1,'jpg'),(214,'1510201139',NULL,'ร.ท. วศิน  สิทธิสร',NULL,NULL,'กคป.ฯ','ocg9',NULL,NULL,0,1,'jpg'),(74,'1510302398',NULL,'ส.อ. จตุพร  วรรณพฤกษ์',NULL,NULL,'กกล.ฯ','ocg4',NULL,NULL,0,0,'jpg'),(196,'1513308794',NULL,'ส.ท. วิโรจน์  เนียมแสง',NULL,NULL,'กงป.ฯ','ocg8',NULL,NULL,0,1,'jpg'),(197,'1517104314',NULL,'ส.ท. วรพล  แสนทวีสุข',NULL,NULL,'กงป.ฯ','ocg8',NULL,NULL,0,1,'jpg'),(17,'1523311202',NULL,'จ.ส.อ. กมลพันธุ์  พุทธคุณ',NULL,NULL,'ผธก.สบท.ฯ','ocg1',NULL,NULL,0,1,'jpg'),(27,'1524800173',NULL,'พ.ต. ภพสุข  สุขะเกตุ',NULL,NULL,'กบท.ฯ','ocg2',NULL,NULL,0,1,'jpg'),(5,'1526401096',NULL,'ร.อ. เจษฎาลักษณ์  รักขยัน',NULL,NULL,'กคก.ฯ','ocg1',NULL,NULL,0,0,'jpg'),(112,'1531200827',NULL,'จ.ส.อ. สุรชัย  สันวิจิตร',NULL,NULL,'กจก.ฯ','ocg5',NULL,NULL,0,0,'jpg'),(80,'1532100928',NULL,'ส.อ. วินัย  นุยจันทึก',NULL,NULL,'กกล.ฯ','ocg4',NULL,NULL,0,1,'jpg'),(183,'1532402133',NULL,'ร.อ. วิชัย  เปลี่ยนศรีเพ็ชร์',NULL,NULL,'กงป.ฯ','ocg8',NULL,NULL,1,1,'jpg'),(151,'1533313225',NULL,'จ.ส.ต. ชัชวิน  เณรหนู',NULL,NULL,'นตส.','ocg6',NULL,NULL,0,0,'jpg'),(130,'1533313256',NULL,'จ.ส.อ. สุณัฐชา  เขยะตา',NULL,NULL,'สน.ปช.','ocg6',NULL,NULL,0,0,'jpg'),(195,'1534300527',NULL,'จ.ส.อ. อาทิตย์  เศรษฐพงศ์  แทนหาร',NULL,NULL,'กงป.ฯ','ocg8',NULL,NULL,0,1,'jpg'),(164,'1535401244',NULL,'จ.ส.อ. วัสสันต์  โสมสัย',NULL,NULL,'กกม.ฯ','ocg7',NULL,NULL,0,0,'jpg'),(88,'1542103680',NULL,'จ.ต. อมรวุฒิ  โตหมื่นไวย',NULL,NULL,'กกล.ฯ','ocg4',NULL,NULL,0,1,'jpg'),(79,'1543308398',NULL,'ส.อ. พงเพชร  บุญเทียม',NULL,NULL,'กกล.ฯ','ocg4',NULL,NULL,0,0,'jpg'),(189,'1562102354',NULL,'ร.ต. ภาณุพัฒน์  เหลือพร้อม',NULL,NULL,'กงป.ฯ','ocg8',NULL,NULL,0,1,'jpg'),(187,'1563311037',NULL,'ร.ต. ธนยศ  สกุลชาติ',NULL,NULL,'กงป.ฯ','ocg8',NULL,NULL,0,1,'jpg'),(75,'1565300550',NULL,'ส.อ. สิทธิชัย  มาลาศรี',NULL,NULL,'กกล.ฯ','ocg4',NULL,NULL,0,1,'jpg'),(76,'1574902120',NULL,'ส.อ. ปัญญา  สายบัว',NULL,NULL,'กกล.ฯ','ocg4',NULL,NULL,0,1,'jpg'),(199,'1583303505',NULL,'ส.ท. วรวิทย์  หิรัญพฤกษ์',NULL,NULL,'กงป.ฯ','ocg8',NULL,NULL,0,1,'jpg'),(242,'1584900617',NULL,'จ.ส.ต. ชิษณุพงศ์  รัตนพิทักษ์',NULL,NULL,'กตป.ฯ','ocg10',NULL,NULL,0,0,'jpg'),(34,'1602402704',NULL,'ส.ท. ศิรวัฒน์  กั้วสิทธิ์',NULL,NULL,'กบท.ฯ','ocg2',NULL,NULL,0,1,'jpg'),(245,'1622403425',NULL,'ส.ต. ประกาศิต  คงเหลือ',NULL,NULL,'กตป.ฯ','ocg10',NULL,NULL,0,0,'jpg'),(246,'1633300104',NULL,'จ.ต. ธงชาติ  กาญจนวาศ',NULL,NULL,'กตป.ฯ','ocg10',NULL,NULL,0,0,'jpg'),(14,'2255800556',NULL,'พ.อ. มนตรี  ศรีสัมฤทธิ์',NULL,NULL,'ผธก.สบท.ฯ','ocg1',NULL,NULL,0,0,'jpg'),(101,'2295400024',NULL,'น.ท. ธวัชชัย  ทาทอง ร.น.',NULL,NULL,'กจก.ฯ','ocg5',NULL,NULL,0,1,'jpg'),(140,'2343300161',NULL,'พ.จ.อ. ณัฐกฤต  กัญจนศุข',NULL,NULL,'ผกง.','ocg6',NULL,NULL,0,0,'jpg'),(37,'2353300535',NULL,'น.อ. ธเนศ  ศิลประสิทธิ์  ร.น.',NULL,NULL,'กพร.ฯ','ocg3',NULL,NULL,0,0,'jpg'),(59,'2353300543',NULL,'น.ต. ชนาวีร์  ตันศิริ ร.น.',NULL,NULL,'กกล.ฯ','ocg4',NULL,NULL,0,1,'jpg'),(146,'2373300523',NULL,'ร.ท. วสุกราห์  วิปกรสห์ ร.น.',NULL,NULL,'งป.','ocg6',NULL,NULL,0,0,'jpg'),(6,'2544500124',NULL,'ร.ท. มหิธร  คงมณี  ร.น.',NULL,NULL,'กคก.ฯ','ocg1',NULL,NULL,0,1,'jpg'),(29,'3256200108',NULL,'ร.ท. สุชาติ  หมวดรุ่ง',NULL,NULL,'กบท.ฯ','ocg2',NULL,NULL,0,1,'jpg'),(173,'3273300305',NULL,'พ.อ. สุรพงษ์  เฟื่องชูนุต',NULL,NULL,'กงป.ฯ','ocg8',NULL,NULL,0,1,'jpg'),(95,'3372200004',NULL,'น.อ. กิจติพงษ์  จิญห์โณภาสกุล',NULL,NULL,'กจก.ฯ','ocg5',NULL,NULL,0,0,'jpg'),(66,'3403300123',NULL,'พ.อ.อ. จิรายุ  สุขจิตร',NULL,NULL,'กกล.ฯ','ocg4',NULL,NULL,0,1,'jpg'),(70,'3443300426',NULL,'พ.อ.อ. ชานนท์  รวยป้อม',NULL,NULL,'กกล.ฯ','ocg4',NULL,NULL,0,0,'jpg'),(47,'3466700023',NULL,'ส.อ. เอกลักษณ์  เอกาไล',NULL,NULL,'กพร.ฯ','ocg3',NULL,NULL,0,0,'jpg'),(239,'3505000195',NULL,'พ.อ.อ. วรกฤศ  กันภัย',NULL,NULL,'กตป.ฯ','ocg10',NULL,NULL,0,0,'jpg'),(35,'5261050104',NULL,'น.อ.หญิง ปุณณ์ภัสสร  นิพิทวิทย์  ร.น.',NULL,NULL,'กพร.ฯ','ocg3',NULL,NULL,0,0,'jpg'),(226,'5261211003',NULL,'พ.อ.หญิง วัชรา  แสนคำ',NULL,NULL,'กตป.ฯ','ocg10',NULL,NULL,0,0,'jpg'),(116,'5271010204',NULL,'น.อ.หญิง ปนัดดา  เกิดผล',NULL,NULL,'สน.ปช.','ocg6',NULL,NULL,0,0,'jpg'),(200,'5295270504',NULL,'นายประทีป  ฉ่ำผิว',NULL,NULL,'กงป.ฯ','ocg8',NULL,NULL,0,1,'jpg'),(231,'5341030515',NULL,'น.ต.หญิง ลำยอง  เปรมทอง ร.น.',NULL,NULL,'กตป.ฯ','ocg10',NULL,NULL,0,0,'jpg'),(153,'5341111109',NULL,'น.อ.หญิง ชญาน์นันท์  ทิพยจันทร์',NULL,NULL,'กกม.ฯ','ocg7',NULL,NULL,0,0,'jpg'),(58,'5341131215',NULL,'พ.ท.หญิง วราภรณ์  สาลีกงชัย',NULL,NULL,'กกล.ฯ','ocg4',NULL,NULL,0,1,'jpg'),(237,'5341190107',NULL,'ร.ต.หญิง เรณู  สุทธิ',NULL,NULL,'กตป.ฯ','ocg10',NULL,NULL,0,0,'jpg'),(36,'5341210508',NULL,'น.อ.หญิง ชุติมา  เสียงลอย',NULL,NULL,'กพร.ฯ','ocg3',NULL,NULL,0,0,'jpg'),(117,'5341220909',NULL,'น.อ.หญิง เรืองอุไร  รักษ์หิรัญ ร.น.',NULL,NULL,'สน.ปช.','ocg6',NULL,NULL,0,0,'jpg'),(171,'5341250810',NULL,'น.อ.หญิง วราทิพย์  จิระเมธีวัฒน์  ร.น.',NULL,NULL,'กงป.ฯ','ocg8',NULL,NULL,0,1,'jpg'),(238,'5341251011',NULL,'จ.ส.อ.หญิง ธันย์นิชา  นิลเลิศพัฒน์',NULL,NULL,'กตป.ฯ','ocg10',NULL,NULL,0,0,'jpg'),(22,'5341260910',NULL,'น.อ.หญิง ปาจรีย์  ศักดิกร',NULL,NULL,'กบท.ฯ','ocg2',NULL,NULL,0,1,'jpg'),(170,'5341291207',NULL,'น.อ.หญิง สุประวีณ์  ณ นคร ร.น.',NULL,NULL,'กงป.ฯ','ocg8',NULL,NULL,0,1,'jpg'),(92,'5345141203',NULL,'นาย ธนพันธ์  สุเมธรา',NULL,NULL,'กกล.ฯ','ocg4',NULL,NULL,0,1,'jpg'),(91,'5345160315',NULL,'นายมาโนช  มลิวัลย์',NULL,NULL,'กกล.ฯ','ocg4',NULL,NULL,0,1,'jpg'),(232,'5351111209',NULL,'พ.ต.หญิง นันทรัตน์  นุ่มฤทธิ์',NULL,NULL,'กตป.ฯ','ocg10',NULL,NULL,0,0,'jpg'),(148,'5351140906',NULL,'พ.อ.หญิง นัษฐา  ธรรมสุทธิกุล',NULL,NULL,'นตส.','ocg6',NULL,NULL,0,0,'jpg'),(203,'5351210111',NULL,'น.อ.หญิง ณัฐชลัยย์  บุญชัยศรี ร.น.',NULL,NULL,'กคป.ฯ','ocg9',NULL,NULL,0,0,'jpg'),(51,'5351230704',NULL,'น.อ.หญิง เสาวลักษณ์  สุนันท์ชัย ร.น.',NULL,NULL,'กกล.ฯ','ocg4',NULL,NULL,0,1,'jpg'),(43,'5351290307',NULL,'ร.ต.หญิง นงลักษณ์  สระทอง ร.น.',NULL,NULL,'กพร.ฯ','ocg3',NULL,NULL,0,0,'jpg'),(52,'5351310107',NULL,'น.อ.หญิง ไพริน  ตัณฑะผลิน',NULL,NULL,'กกล.ฯ','ocg4',NULL,NULL,0,1,'jpg'),(99,'5371010504',NULL,'น.ท.หญิง ภาวนา  อัฐฐิ ร.น.',NULL,NULL,'กจก.ฯ','ocg5',NULL,NULL,0,0,'jpg'),(182,'5371091216',NULL,'น.ต.หญิง น้องนุช   หลำเพิกสืบ ร.น.',NULL,NULL,'กงป.ฯ','ocg8',NULL,NULL,0,1,'jpg'),(144,'5371110612',NULL,'พ.ท.หญิง รภัสสรณ์  กันภัย',NULL,NULL,'งป.','ocg6',NULL,NULL,0,0,'jpg'),(44,'5371170213',NULL,'พ.อ.อ.หญิง โสภา  สุขสมัย',NULL,NULL,'กพร.ฯ','ocg3',NULL,NULL,0,0,'jpg'),(178,'5371210314',NULL,'น.ท.หญิง อารียา  โพธิ์อ้น ร.น.',NULL,NULL,'กงป.ฯ','ocg8',NULL,NULL,0,1,'jpg'),(56,'5371241013',NULL,'น.ท.หญิง อรเลน  เชื้อกุลา ร.น.',NULL,NULL,'กกล.ฯ','ocg4',NULL,NULL,0,1,'jpg'),(63,'5381010508',NULL,'จ.ส.อ.หญิง สุภาพร  คนึงรัมย์',NULL,NULL,'กกล.ฯ','ocg4',NULL,NULL,0,1,'jpg'),(174,'5381150904',NULL,'น.อ.หญิง ปาณิศา  บุญชัยศรี  ร.น.',NULL,NULL,'กงป.ฯ','ocg8',NULL,NULL,0,1,'jpg'),(121,'5381231114',NULL,'น.อ.หญิง ธนวรรณ  จันทร์ปัญญา ร.น.',NULL,NULL,'สน.ปช.','ocg6',NULL,NULL,0,0,'jpg'),(67,'5391140216',NULL,'จ.ส.อ.หญิง สารภี  รัตนภูมิ',NULL,NULL,'กกล.ฯ','ocg4',NULL,NULL,0,1,'jpg'),(143,'5391180617',NULL,'น.อ.หญิง สมลักษณ์  สิงหเสวี ร.น.',NULL,NULL,'งป.','ocg6',NULL,NULL,0,0,'jpg'),(207,'5391200421',NULL,'พ.ท.หญิง อรวรรณ  แก้วรัตนะ',NULL,NULL,'กคป.ฯ','ocg9',NULL,NULL,0,0,'jpg'),(202,'5391201216',NULL,'พ.อ.หญิง วราภรณ์  เสาเวียง',NULL,NULL,'กคป.ฯ','ocg9',NULL,NULL,0,0,'jpg'),(55,'5391280311',NULL,'พ.ท.หญิง สิริกร  เพ็งสาย',NULL,NULL,'กกล.ฯ','ocg4',NULL,NULL,0,1,'jpg'),(93,'5395030309',NULL,'นายเพ็ชร  เขาลาด',NULL,NULL,'กกล.ฯ','ocg4',NULL,NULL,0,1,'jpg'),(211,'5401120921',NULL,'น.ต.หญิง ธันยาพร  สารินทร์  ร.น.',NULL,NULL,'กคป.ฯ','ocg9',NULL,NULL,0,0,'jpg'),(23,'5401271116',NULL,'พ.อ.หญิง ประภาศรี  กล่อมมานพ',NULL,NULL,'กบท.ฯ','ocg2',NULL,NULL,0,1,'jpg'),(30,'5421010319',NULL,'พ.อ.อ.หญิง พรชนก  จุณณะภาต',NULL,NULL,'กบท.ฯ','ocg2',NULL,NULL,0,1,'jpg'),(124,'5421031020',NULL,'น.ท.หญิง เอมอร  จิตร์สวัสดิ์ ร.น.',NULL,NULL,'สน.ปช.','ocg6',NULL,NULL,0,0,'jpg'),(123,'5431030718',NULL,'พ.ท.หญิง สิริรักษ์  ขุนทอง',NULL,NULL,'สน.ปช.','ocg6',NULL,NULL,0,0,'jpg'),(219,'5431050517',NULL,'จ.ส.อ.หญิง ณัฐกฤตา  อารีย์เกื้อ',NULL,NULL,'กคป.ฯ','ocg9',NULL,NULL,0,1,'jpg'),(54,'5431140613',NULL,'พ.ท.หญิง วรรธนา  ผิวงาม',NULL,NULL,'กกล.ฯ','ocg4',NULL,NULL,0,1,'jpg'),(176,'5431290320',NULL,'พ.ท.หญิง วรดา  ศรีสุข',NULL,NULL,'กงป.ฯ','ocg8',NULL,NULL,0,1,'jpg'),(213,'5441070819',NULL,'ร.อ.หญิง กนกพร  ผาสุข',NULL,NULL,'กคป.ฯ','ocg9',NULL,NULL,0,0,'jpg'),(175,'5441191120',NULL,'น.อ.หญิง อภิรดี  เฮงสิ',NULL,NULL,'กงป.ฯ','ocg8',NULL,NULL,0,1,'jpg'),(102,'5461080222',NULL,'พ.ท.หญิง ภารวี  สดสว่าง',NULL,NULL,'กจก.ฯ','ocg5',NULL,NULL,0,1,'jpg'),(216,'5461230123',NULL,'ร.ต.หญิง กฤษณา  บุญบัวทอง ร.น.',NULL,NULL,'กคป.ฯ','ocg9',NULL,NULL,0,0,'jpg'),(230,'5471020424',NULL,'พ.ท.หญิง สิรีรัศมิ์  ภาม่วงเลี่ยม',NULL,NULL,'กตป.ฯ','ocg10',NULL,NULL,0,0,'jpg'),(2,'5471141222',NULL,'น.ท.หญิง กานต์ชนา  สิงห์ดี',NULL,NULL,'กคก.ฯ','ocg1',NULL,NULL,0,0,'jpg'),(128,'5471191220',NULL,'พ.จ.อ.หญิง นัทถนิดชา  โคตรประทุม',NULL,NULL,'สน.ปช.','ocg6',NULL,NULL,0,0,'jpg'),(68,'5471220120',NULL,'จ.ส.อ.หญิง วรารัตน์  มหาศรานนท์',NULL,NULL,'กกล.ฯ','ocg4',NULL,NULL,0,0,'jpg'),(4,'5481020624',NULL,'ร.อ.หญิง จารุวรรณ  จิรชวาลวิสุทธิ์',NULL,NULL,'กคก.ฯ','ocg1',NULL,NULL,0,0,'jpg'),(61,'5481100320',NULL,'ร.ท.หญิง ธิดา   เสาเวียง',NULL,NULL,'กกล.ฯ','ocg4',NULL,NULL,0,1,'jpg'),(16,'5481140524',NULL,'ร.ท.หญิง ปวริศา  ลาภะนาวิน ร.น.',NULL,NULL,'ผธก.สบท.ฯ','ocg1',NULL,NULL,0,1,'jpg'),(57,'5481151026',NULL,'น.ท.หญิง ธิดารัตน์  เงาศรี ร.น.',NULL,NULL,'กกล.ฯ','ocg4',NULL,NULL,0,0,'jpg'),(31,'5481170818',NULL,'จ.ส.อ.หญิง อุทัยรัตน์  กอกหวาน',NULL,NULL,'กบท.ฯ','ocg2',NULL,NULL,0,1,'jpg'),(162,'5481290423',NULL,'พ.อ.อ.หญิง ภัณฑิรา  เปรมกาศ',NULL,NULL,'กกม.ฯ','ocg7',NULL,NULL,0,0,'jpg'),(179,'5481310126',NULL,'น.ท.หญิง ทิชากร  ศศิธร ร.น.',NULL,NULL,'กงป.ฯ','ocg8',NULL,NULL,0,1,'jpg'),(94,'6291101207',NULL,'พ.อ.หญิง กุลธิดา  สาคร',NULL,NULL,'กจก.ฯ','ocg5',NULL,NULL,0,1,'jpg'),(152,'6311281108',NULL,'พ.อ.หญิง อัจฉรา  โชตนภูติ',NULL,NULL,'กกม.ฯ','ocg7',NULL,NULL,0,0,'jpg'),(96,'6321191209',NULL,'พ.อ.หญิง กนกวรรณ  บุญชัย',NULL,NULL,'กจก.ฯ','ocg5',NULL,NULL,0,1,'jpg'),(180,'6441240415',NULL,'พ.ท.หญิง บูรณ์เฉลิม  ตันติวณิชชากร',NULL,NULL,'กงป.ฯ','ocg8',NULL,NULL,0,1,'jpg'),(136,'6451251021',NULL,'พ.ท.หญิง ชลธิรา  คล้ายโอภาส',NULL,NULL,'ผกง.','ocg6',NULL,NULL,0,0,'jpg'),(205,'6461290717',NULL,'พ.อ.หญิง มณพร  สรวยสุวรรณ',NULL,NULL,'กคป.ฯ','ocg9',NULL,NULL,0,1,'jpg'),(206,'6481130818',NULL,'พ.ท.หญิง วีราวรรณ  หนิสอ',NULL,NULL,'กคป.ฯ','ocg9',NULL,NULL,0,1,'jpg'),(40,'6491012966',NULL,'พ.ต.หญิง พิมพ์ณดา  อภิบาลศรี',NULL,NULL,'กพร.ฯ','ocg3',NULL,NULL,0,0,'jpg'),(193,'6511050848',NULL,'จ.ส.อ.หญิง ณัฏฐณี  อุรุทมา',NULL,NULL,'กงป.ฯ','ocg8',NULL,NULL,1,1,'jpg'),(46,'6511051032',NULL,'จ.ส.อ.หญิง ขวัญศศิธรย์  โพธิ',NULL,NULL,'กพร.ฯ','ocg3',NULL,NULL,0,0,'jpg'),(28,'6521050346',NULL,'ร.ท.หญิง นรินทร์  ศรีทอง',NULL,NULL,'กบท.ฯ','ocg2',NULL,NULL,0,1,'jpg'),(185,'6551051013',NULL,'ร.ต.หญิง จิรพรรณ  จันทรสุคนธ์',NULL,NULL,'กงป.ฯ','ocg8',NULL,NULL,0,1,'jpg'),(12,'6561050868',NULL,'ส.อ.หญิง อรกัญญา  เทพบาท',NULL,NULL,'กคก.ฯ','ocg1',NULL,NULL,0,0,'jpg'),(243,'6561050870',NULL,'ส.อ.หญิง วนิดา  ไวยโรจน์',NULL,NULL,'กตป.ฯ','ocg10',NULL,NULL,0,0,'jpg'),(19,'6561050975',NULL,'ส.อ.หญิง ธิติฎา  รัตนาภรณ์',NULL,NULL,'ผธก.สบท.ฯ','ocg1',NULL,NULL,0,1,'jpg'),(132,'6571051021',NULL,'ส.อ.หญิง มุทิตา  ฉัตรมงคลสิริ',NULL,NULL,'สน.ปช.','ocg6',NULL,NULL,0,0,'jpg'),(131,'6581050868',NULL,'ส.อ.หญิง นันทิยา  ประจวบโชค',NULL,NULL,'สน.ปช.','ocg6',NULL,NULL,0,0,'jpg'),(85,'6591050103',NULL,'ส.ท.หญิง รษิกา  ปานหัตถา',NULL,NULL,'กกล.ฯ','ocg4',NULL,NULL,1,1,'jpg'),(184,'6601050036',NULL,'ร.ท.หญิง สุทธิดา  ประสงค์สำเร็จ',NULL,NULL,'กงป.ฯ','ocg8',NULL,NULL,0,1,'jpg'),(86,'6601050057',NULL,'ส.ท.หญิง อารีรัตน์  ทองอ่อน',NULL,NULL,'กกล.ฯ','ocg4',NULL,NULL,0,1,'jpg'),(198,'6601050096',NULL,'ส.ท.หญิง พรพรรณ  เผือดผ่อง',NULL,NULL,'กงป.ฯ','ocg8',NULL,NULL,0,1,'jpg'),(215,'6601050847',NULL,'ร.ท.หญิง พัศพิชชา  คำภานนท์',NULL,NULL,'กคป.ฯ','ocg9',NULL,NULL,0,0,'jpg'),(147,'6601050857',NULL,'ส.อ.หญิง เจนจิรา  ชุมเพ็ชร',NULL,NULL,'งป.','ocg6',NULL,NULL,0,0,'jpg'),(221,'6601050858',NULL,'ส.อ.หญิง รัตนาพร  จงจิตต์',NULL,NULL,'กคป.ฯ','ocg9',NULL,NULL,0,0,'jpg'),(235,'6601050883',NULL,'ร.ท.หญิง ภัคจิรา  พงษ์พานิช',NULL,NULL,'กตป.ฯ','ocg10',NULL,NULL,0,0,'jpg'),(81,'6601050948',NULL,'ส.อ.หญิง อริษา  อยู่สุข',NULL,NULL,'กกล.ฯ','ocg4',NULL,NULL,0,1,'jpg'),(82,'6601050949',NULL,'ส.อ.หญิง ธันวาลักษณ์  พรมนาถ',NULL,NULL,'กกล.ฯ','ocg4',NULL,NULL,0,0,'jpg'),(83,'6601050950',NULL,'ส.อ.หญิง ศศิภา   สิงห์โต',NULL,NULL,'กกล.ฯ','ocg4',NULL,NULL,0,0,'jpg'),(133,'6611050375',NULL,'ส.ท.หญิง ภูชิดา  มุทธะระพัฒน์',NULL,NULL,'สน.ปช.','ocg6',NULL,NULL,0,0,'jpg'),(165,'6611050574',NULL,'ส.ท.หญิง สินีนาฏ  แสงทอง',NULL,NULL,'กกม.ฯ','ocg7',NULL,NULL,0,0,'jpg'),(186,'6611050584',NULL,'ร.ต.หญิง ฌัชชนันทน์  จันทมาลา',NULL,NULL,'กงป.ฯ','ocg8',NULL,NULL,0,1,'jpg'),(217,'6611051319',NULL,'ร.ต.หญิง จิราพัชร  เบญญศรี',NULL,NULL,'กคป.ฯ','ocg9',NULL,NULL,0,0,'jpg'),(7,'6611051322',NULL,'ร.ต.หญิง สุนี  พึ่งเนตร',NULL,NULL,'กคก.ฯ','ocg1',NULL,NULL,0,0,'jpg'),(135,'6611051335',NULL,'ส.ต.หญิง ปัณณภัสร์  กฤตย์วรรัชต์',NULL,NULL,'สน.ปช.','ocg6',NULL,NULL,0,0,'jpg'),(222,'6621050225',NULL,'ส.ท.หญิง วริษา  สำมณี',NULL,NULL,'กคป.ฯ','ocg9',NULL,NULL,0,0,'jpg'),(141,'6621050226',NULL,'ส.ท.หญิง มาริษา  อ่อนฉ่ำ',NULL,NULL,'ผกง.','ocg6',NULL,NULL,0,0,'jpg'),(33,'6621050227',NULL,'ส.ท.หญิง ทรัสตี  สุขกันต์',NULL,NULL,'กบท.ฯ','ocg2',NULL,NULL,0,1,'jpg'),(244,'6621050229',NULL,'ส.ท.หญิง วาสนา  วิริยะ',NULL,NULL,'กตป.ฯ','ocg10',NULL,NULL,0,0,'jpg'),(87,'6621050256',NULL,'ส.ท.หญิง หฤทธาดา  ภูมิไชยา',NULL,NULL,'กกล.ฯ','ocg4',NULL,NULL,0,1,'jpg'),(134,'6621051311',NULL,'ส.ท.หญิง พีรญา  นาคประกาศ',NULL,NULL,'สน.ปช.','ocg6',NULL,NULL,0,0,'jpg'),(190,'6622050305',NULL,'ร.ต.หญิง แพทรียา  พุ่มพิเชฏฐ์',NULL,NULL,'กงป.ฯ','ocg8',NULL,NULL,0,1,'jpg'),(201,'6627050394',NULL,'นางสาว วรรณพร  ศิลป์อัจฉริยะ',NULL,NULL,'กงป.ฯ','ocg8',NULL,NULL,0,1,'jpg'),(89,'6627050395',NULL,'นายศุภวรรธน์  เพิ่มพลสุข',NULL,NULL,'กกล.ฯ','ocg4',NULL,NULL,0,1,'jpg'),(115,'6627050396',NULL,'นางสาว กัลยกร  ทิมอ่ำ',NULL,NULL,'กจก.ฯ','ocg5',NULL,NULL,0,0,'jpg'),(225,'6627050397',NULL,'นางสาว ทิพยวรรณ  คลี่บุญ',NULL,NULL,'กคป.ฯ','ocg9',NULL,NULL,0,1,'jpg'),(224,'6627050398',NULL,'นางสาว อรยา  เฉื่อยกลาง',NULL,NULL,'กคป.ฯ','ocg9',NULL,NULL,0,1,'jpg'),(166,'6631050072',NULL,'ส.ต. โขมพัสตร์  แสงเมือง',NULL,NULL,'กกม.ฯ','ocg7',NULL,NULL,0,0,'jpg'),(139,'6631050263',NULL,'ว่าที่ ร.ต.หญิง พิชญา  เปียแก้ว',NULL,NULL,'ผกง.','ocg6',NULL,NULL,0,0,'jpg'),(8,'6632050051',NULL,'นางภัทรีษา  ทรัพย์ประเสริฐ',NULL,NULL,'กคก.ฯ','ocg1',NULL,NULL,0,1,'jpg'),(218,'6632050309',NULL,'นางสาว พัสวี  แก้วมหา',NULL,NULL,'กคป.ฯ','ocg9',NULL,NULL,0,1,'jpg'),(223,'6632050504',NULL,'นายสหรัฐ  อ่อนละออ',NULL,NULL,'กคป.ฯ','ocg9',NULL,NULL,0,1,'jpg'),(90,'6637050355',NULL,'นาง สุภาพ  เลิกจิ๋ว',NULL,NULL,'กกล.ฯ','ocg4',NULL,NULL,0,1,'jpg'),(149,'7461140718',NULL,'น.อ.หญิง ชญาดา  เงินเจริญ  ร.น.',NULL,NULL,'นตส.','ocg6',NULL,NULL,0,0,'jpg'),(209,'7491050228',NULL,'น.ท.หญิง กัลยาณี  ร่มพุฒตาล  ร.น.',NULL,NULL,'กคป.ฯ','ocg9',NULL,NULL,0,1,'jpg'),(150,'7491050502',NULL,'พ.จ.อ.หญิง มะลิวัล  ศิริชน',NULL,NULL,'นตส.','ocg6',NULL,NULL,0,0,'jpg'),(72,'7511050938',NULL,'พ.จ.อ.หญิง ศิรินันท์  วังอินทร์',NULL,NULL,'กกล.ฯ','ocg4',NULL,NULL,0,1,'jpg'),(113,'7511050940',NULL,'พ.จ.อ.หญิง ณิชาภา  สาระติ',NULL,NULL,'กจก.ฯ','ocg5',NULL,NULL,0,0,'jpg'),(10,'7511050941',NULL,'พ.จ.อ.หญิง กนกพร  ศรีพุ่มไข่',NULL,NULL,'กคก.ฯ','ocg1',NULL,NULL,0,1,'jpg'),(71,'7511050984',NULL,'พ.จ.อ.หญิง น้ำอ้อย  กองเกิด',NULL,NULL,'กกล.ฯ','ocg4',NULL,NULL,0,1,'jpg'),(241,'7531050863',NULL,'พ.จ.อ.หญิง ชฎาพร  สุวรรณา',NULL,NULL,'กตป.ฯ','ocg10',NULL,NULL,0,0,'jpg'),(11,'7541051017',NULL,'พ.จ.อ.หญิง สุชารัตน์  หินเพ็ชร์',NULL,NULL,'กคก.ฯ','ocg1',NULL,NULL,0,1,'jpg'),(212,'7561050201',NULL,'ร.อ.หญิง ผาณิต  จันทร์เสวก ร.น.',NULL,NULL,'กคป.ฯ','ocg9',NULL,NULL,0,0,'jpg'),(41,'7591050571',NULL,'ร.ท.หญิง ทฤฒมน  ชี้กิ่ง  ร.น.',NULL,NULL,'กพร.ฯ','ocg3',NULL,NULL,0,0,'jpg'),(114,'7591050635',NULL,'จ.อ.หญิง วราภรณ์  กานต์วงศ์ชัย',NULL,NULL,'กจก.ฯ','ocg5',NULL,NULL,0,0,'jpg'),(188,'7621050056',NULL,'ร.ต.หญิง จิราพร  แซ่เลี้ยว  ร.น.',NULL,NULL,'กงป.ฯ','ocg8',NULL,NULL,0,1,'jpg'),(142,'7621050230',NULL,'จ.ท.หญิง เบญจรัตน์  แหยมนาค',NULL,NULL,'ผกง.','ocg6',NULL,NULL,0,0,'jpg'),(204,'8351271013',NULL,'น.อ.หญิง เวสาลี  บัวรักษา',NULL,NULL,'กคป.ฯ','ocg9',NULL,NULL,0,1,'jpg'),(15,'8361261114',NULL,'น.ท.หญิง กุนทินี  ดำรักษ์',NULL,NULL,'ผธก.สบท.ฯ','ocg1',NULL,NULL,0,0,'jpg'),(104,'8471250124',NULL,'น.ท.หญิง เพียงตะวัน  กาญจนะ',NULL,NULL,'กจก.ฯ','ocg5',NULL,NULL,0,0,'jpg'),(42,'8491050094',NULL,'ร.ท.หญิง พัชราภา  แก้วกมล',NULL,NULL,'กพร.ฯ','ocg3',NULL,NULL,0,0,'jpg'),(236,'8491050523',NULL,'ร.ต.หญิง นันท์นภัส  ธนสารกาญจน์กูร',NULL,NULL,'กตป.ฯ','ocg10',NULL,NULL,0,0,'jpg'),(192,'8511050942',NULL,'พ.อ.อ.หญิง มณฑาทิพย์  หมวดรุ่ง',NULL,NULL,'กงป.ฯ','ocg8',NULL,NULL,0,1,'jpg'),(240,'8511050943',NULL,'พ.อ.อ.หญิง ณิชมน  กลางพอน',NULL,NULL,'กตป.ฯ','ocg10',NULL,NULL,0,0,'jpg'),(145,'8571030410',NULL,'ร.อ.หญิง เมทิกา  วงษ์ฤทธิ์',NULL,NULL,'งป.','ocg6',NULL,NULL,0,0,'jpg'),(60,'8571050002',NULL,'ร.อ.หญิง พิมพ์พจี  นพสุวรรณ',NULL,NULL,'กกล.ฯ','ocg4',NULL,NULL,0,1,'jpg'),(13,'8581050867',NULL,'จ.อ.หญิง สุภาพร  ภูสดศรี',NULL,NULL,'กคก.ฯ','ocg1',NULL,NULL,1,0,'jpg'),(48,'8581051133',NULL,'จ.อ.หญิง จุฑาณัฐ  ฐานไชยยิ่ง',NULL,NULL,'กพร.ฯ','ocg3',NULL,NULL,0,0,'jpg'),(107,'8591050631',NULL,'ร.ท.หญิง ธิมณฑา  ปองเสงี่ยม',NULL,NULL,'กจก.ฯ','ocg5',NULL,NULL,0,1,'jpg'),(177,'9371300514',NULL,'น.ท.หญิง อรรถพร  แก้วเสมา ร.น.',NULL,NULL,'กงป.ฯ','ocg8',NULL,NULL,0,1,'jpg');

#
# Structure for table "person_copy"
#

DROP TABLE IF EXISTS `person_copy`;
CREATE TABLE `person_copy` (
  `pk` int(11) NOT NULL DEFAULT '0',
  `id` varchar(20) NOT NULL,
  `rank` int(2) DEFAULT NULL,
  `name` varchar(100) NOT NULL,
  `mil_force` int(1) DEFAULT NULL,
  `gender` int(1) DEFAULT NULL,
  `unit_show` varchar(100) DEFAULT NULL,
  `unit_case` varchar(100) DEFAULT NULL,
  `unit_case_super` varchar(100) DEFAULT NULL,
  `gid` varchar(100) DEFAULT NULL,
  `status_super` int(2) NOT NULL DEFAULT '0',
  `status_little` int(2) NOT NULL DEFAULT '0',
  `pictype` varchar(100) DEFAULT '',
  PRIMARY KEY (`id`)
) ENGINE=InnoDB DEFAULT CHARSET=utf8 ROW_FORMAT=DYNAMIC;

#
# Data for table "person_copy"
#


#
# Structure for table "person_main"
#

DROP TABLE IF EXISTS `person_main`;
CREATE TABLE `person_main` (
  `pk` int(11) NOT NULL AUTO_INCREMENT,
  `id` varchar(20) NOT NULL,
  `rank` int(2) DEFAULT NULL,
  `name` varchar(100) NOT NULL,
  `mil_force` int(1) DEFAULT NULL,
  `gender` int(1) DEFAULT NULL,
  `unit_show` varchar(100) DEFAULT NULL,
  `unit_case` varchar(100) DEFAULT NULL,
  `unit_case_super` varchar(100) DEFAULT NULL,
  `gid` varchar(100) DEFAULT NULL,
  `status_super` int(2) NOT NULL DEFAULT '0',
  `status_little` int(2) NOT NULL DEFAULT '0',
  `pictype` varchar(100) DEFAULT '',
  PRIMARY KEY (`pk`)
) ENGINE=InnoDB AUTO_INCREMENT=247 DEFAULT CHARSET=utf8 ROW_FORMAT=DYNAMIC;

#
# Data for table "person_main"
#

INSERT INTO `person_main` VALUES (1,'1264901370',NULL,'พ.อ. เอกชัย  สายะสิทธิ์',NULL,NULL,'กคก.ฯ','ocg1',NULL,NULL,0,1,'jpg'),(2,'5471141222',NULL,'น.ท.หญิง กานต์ชนา  สิงห์ดี',NULL,NULL,'กคก.ฯ','ocg1',NULL,NULL,1,0,'jpg'),(3,'1480504247',NULL,'ร.อ. ธีรพล  ยอดสง่า',NULL,NULL,'กคก.ฯ','ocg1',NULL,NULL,1,0,'jpg'),(4,'5481020624',NULL,'ร.อ.หญิง จารุวรรณ  จิรชวาลวิสุทธิ์',NULL,NULL,'กคก.ฯ','ocg1',NULL,NULL,0,0,'jpg'),(5,'1526401096',NULL,'ร.อ. เจษฎาลักษณ์  รักขยัน',NULL,NULL,'กคก.ฯ','ocg1',NULL,NULL,0,0,'jpg'),(6,'2544500124',NULL,'ร.ท. มหิธร  คงมณี  ร.น.',NULL,NULL,'กคก.ฯ','ocg1',NULL,NULL,0,1,'jpg'),(7,'6611051322',NULL,'ร.ต.หญิง สุนี  พึ่งเนตร',NULL,NULL,'กคก.ฯ','ocg1',NULL,NULL,0,0,'jpg'),(8,'6632050051',NULL,'นางภัทรีษา  ทรัพย์ประเสริฐ',NULL,NULL,'กคก.ฯ','ocg1',NULL,NULL,1,1,'jpg'),(9,'1417700012',NULL,'จ.ส.อ. นำชัย  จันทรเนตร',NULL,NULL,'กคก.ฯ','ocg1',NULL,NULL,1,1,'jpg'),(10,'7511050941',NULL,'พ.จ.อ.หญิง กนกพร  ศรีพุ่มไข่',NULL,NULL,'กคก.ฯ','ocg1',NULL,NULL,1,1,'jpg'),(11,'7541051017',NULL,'พ.จ.อ.หญิง สุชารัตน์  หินเพ็ชร์',NULL,NULL,'กคก.ฯ','ocg1',NULL,NULL,1,1,'jpg'),(12,'6561050868',NULL,'ส.อ.หญิง อรกัญญา  เทพบาท',NULL,NULL,'กคก.ฯ','ocg1',NULL,NULL,0,0,'jpg'),(13,'8581050867',NULL,'จ.อ.หญิง สุภาพร  ภูสดศรี',NULL,NULL,'กคก.ฯ','ocg1',NULL,NULL,0,0,'jpg'),(14,'2255800556',NULL,'พ.อ. มนตรี  ศรีสัมฤทธิ์',NULL,NULL,'ผธก.สบท.ฯ','ocg1',NULL,NULL,0,0,'jpg'),(15,'8361261114',NULL,'น.ท.หญิง กุนทินี  ดำรักษ์',NULL,NULL,'ผธก.สบท.ฯ','ocg1',NULL,NULL,0,0,'jpg'),(16,'5481140524',NULL,'ร.ท.หญิง ปวริศา  ลาภะนาวิน ร.น.',NULL,NULL,'ผธก.สบท.ฯ','ocg1',NULL,NULL,1,1,'jpg'),(17,'1523311202',NULL,'จ.ส.อ. กมลพันธุ์  พุทธคุณ',NULL,NULL,'ผธก.สบท.ฯ','ocg1',NULL,NULL,1,1,'jpg'),(18,'1496801480',NULL,'จ.ส.ต. วศิน  แก้วแสงใส',NULL,NULL,'ผธก.สบท.ฯ','ocg1',NULL,NULL,0,1,'jpg'),(19,'6561050975',NULL,'ส.อ.หญิง ธิติฎา  รัตนาภรณ์',NULL,NULL,'ผธก.สบท.ฯ','ocg1',NULL,NULL,0,1,'jpg'),(20,'1253313783',NULL,'พ.อ. สุกิจ  เข็มศรี',NULL,NULL,'กบท.ฯ','ocg2',NULL,NULL,0,1,'jpg'),(21,'1393308977',NULL,'พ.อ. ระวินทร์  ศรีวิทยา',NULL,NULL,'กบท.ฯ','ocg2',NULL,NULL,0,1,'jpg'),(22,'5341260910',NULL,'น.อ.หญิง ปาจรีย์  ศักดิกร',NULL,NULL,'กบท.ฯ','ocg2',NULL,NULL,0,1,'jpg'),(23,'5401271116',NULL,'พ.อ.หญิง ประภาศรี  กล่อมมานพ',NULL,NULL,'กบท.ฯ','ocg2',NULL,NULL,0,1,'jpg'),(24,'1437600006',NULL,'พ.อ. วินัย  เทพศิริ',NULL,NULL,'กบท.ฯ','ocg2',NULL,NULL,0,1,'jpg'),(25,'1403312936',NULL,'พ.ท. เดชาวุฒิ  ฉ่ำเฉียวกุล',NULL,NULL,'กบท.ฯ','ocg2',NULL,NULL,0,1,'jpg'),(26,'1454500355',NULL,'พ.ท. ศิริพงษ์  การกระวี',NULL,NULL,'กบท.ฯ','ocg2',NULL,NULL,0,1,'jpg'),(27,'1524800173',NULL,'พ.ต. ภพสุข  สุขะเกตุ',NULL,NULL,'กบท.ฯ','ocg2',NULL,NULL,0,1,'jpg'),(28,'6521050346',NULL,'ร.ท.หญิง นรินทร์  ศรีทอง',NULL,NULL,'กบท.ฯ','ocg2',NULL,NULL,0,1,'jpg'),(29,'3256200108',NULL,'ร.ท. สุชาติ  หมวดรุ่ง',NULL,NULL,'กบท.ฯ','ocg2',NULL,NULL,0,1,'jpg'),(30,'5421010319',NULL,'พ.อ.อ.หญิง พรชนก  จุณณะภาต',NULL,NULL,'กบท.ฯ','ocg2',NULL,NULL,0,1,'jpg'),(31,'5481170818',NULL,'จ.ส.อ.หญิง อุทัยรัตน์  กอกหวาน',NULL,NULL,'กบท.ฯ','ocg2',NULL,NULL,0,1,'jpg'),(32,'1443308651',NULL,'จ.ส.อ. รุ่งโรจ  อุจจเสน',NULL,NULL,'กบท.ฯ','ocg2',NULL,NULL,0,1,'jpg'),(33,'6621050227',NULL,'ส.ท.หญิง ทรัสตี  สุขกันต์',NULL,NULL,'กบท.ฯ','ocg2',NULL,NULL,0,1,'jpg'),(34,'1602402704',NULL,'ส.ท. ศิรวัฒน์  กั้วสิทธิ์',NULL,NULL,'กบท.ฯ','ocg2',NULL,NULL,0,1,'jpg'),(35,'5261050104',NULL,'น.อ.หญิง ปุณณ์ภัสสร  นิพิทวิทย์  ร.น.',NULL,NULL,'กพร.ฯ','ocg3',NULL,NULL,0,0,'jpg'),(36,'5341210508',NULL,'น.อ.หญิง ชุติมา  เสียงลอย',NULL,NULL,'กพร.ฯ','ocg3',NULL,NULL,0,0,'jpg'),(37,'2353300535',NULL,'น.อ. ธเนศ  ศิลประสิทธิ์  ร.น.',NULL,NULL,'กพร.ฯ','ocg3',NULL,NULL,0,0,'jpg'),(38,'1396901316',NULL,'พ.ท. ชัยวัฒณ์  ท่ากระเบา',NULL,NULL,'กพร.ฯ','ocg3',NULL,NULL,0,0,'jpg'),(39,'1393302267',NULL,'พ.ท. อัครเดช  ศศิสุทธินานนท์',NULL,NULL,'กพร.ฯ','ocg3',NULL,NULL,0,0,'jpg'),(40,'6491012966',NULL,'พ.ต.หญิง พิมพ์ณดา  อภิบาลศรี',NULL,NULL,'กพร.ฯ','ocg3',NULL,NULL,0,0,'jpg'),(41,'7591050571',NULL,'ร.ท.หญิง ทฤฒมน  ชี้กิ่ง  ร.น.',NULL,NULL,'กพร.ฯ','ocg3',NULL,NULL,0,0,'jpg'),(42,'8491050094',NULL,'ร.ท.หญิง พัชราภา  แก้วกมล',NULL,NULL,'กพร.ฯ','ocg3',NULL,NULL,0,0,'jpg'),(43,'5351290307',NULL,'ร.ต.หญิง นงลักษณ์  สระทอง ร.น.',NULL,NULL,'กพร.ฯ','ocg3',NULL,NULL,0,0,'jpg'),(44,'5371170213',NULL,'พ.อ.อ.หญิง โสภา  สุขสมัย',NULL,NULL,'กพร.ฯ','ocg3',NULL,NULL,0,0,'jpg'),(45,'1475800380',NULL,'จ.ส.อ. สมหมาย   ภาณุรัตน์',NULL,NULL,'กพร.ฯ','ocg3',NULL,NULL,0,0,'jpg'),(46,'6511051032',NULL,'จ.ส.อ.หญิง ขวัญศศิธรย์  โพธิ',NULL,NULL,'กพร.ฯ','ocg3',NULL,NULL,0,0,'jpg'),(47,'3466700023',NULL,'ส.อ. เอกลักษณ์  เอกาไล',NULL,NULL,'กพร.ฯ','ocg3',NULL,NULL,0,0,'jpg'),(48,'8581051133',NULL,'จ.อ.หญิง จุฑาณัฐ  ฐานไชยยิ่ง',NULL,NULL,'กพร.ฯ','ocg3',NULL,NULL,0,0,'jpg'),(49,'1353306944',NULL,'พ.อ. นิธิ  วงศ์วานิช',NULL,NULL,'กกล.ฯ','ocg4',NULL,NULL,0,1,'jpg'),(50,'1283701409',NULL,'พ.อ. ปัญญา    สังข์ทอง',NULL,NULL,'กกล.ฯ','ocg4',NULL,NULL,0,1,'jpg'),(51,'5351230704',NULL,'น.อ.หญิง เสาวลักษณ์  สุนันท์ชัย ร.น.',NULL,NULL,'กกล.ฯ','ocg4',NULL,NULL,0,1,'jpg'),(52,'5351310107',NULL,'น.อ.หญิง ไพริน  ตัณฑะผลิน',NULL,NULL,'กกล.ฯ','ocg4',NULL,NULL,0,1,'jpg'),(53,'1246200440',NULL,'พ.อ. ลำพันธุ์  แสงทอง',NULL,NULL,'กกล.ฯ','ocg4',NULL,NULL,0,1,'jpg'),(54,'5431140613',NULL,'พ.ท.หญิง วรรธนา  ผิวงาม',NULL,NULL,'กกล.ฯ','ocg4',NULL,NULL,0,1,'jpg'),(55,'5391280311',NULL,'พ.ท.หญิง สิริกร  เพ็งสาย',NULL,NULL,'กกล.ฯ','ocg4',NULL,NULL,0,1,'jpg'),(56,'5371241013',NULL,'น.ท.หญิง อรเลน  เชื้อกุลา ร.น.',NULL,NULL,'กกล.ฯ','ocg4',NULL,NULL,0,1,'jpg'),(57,'5481151026',NULL,'น.ท.หญิง ธิดารัตน์  เงาศรี ร.น.',NULL,NULL,'กกล.ฯ','ocg4',NULL,NULL,0,0,'jpg'),(58,'5341131215',NULL,'พ.ท.หญิง วราภรณ์  สาลีกงชัย',NULL,NULL,'กกล.ฯ','ocg4',NULL,NULL,0,1,'jpg'),(59,'2353300543',NULL,'น.ต. ชนาวีร์  ตันศิริ ร.น.',NULL,NULL,'กกล.ฯ','ocg4',NULL,NULL,0,1,'jpg'),(60,'8571050002',NULL,'ร.อ.หญิง พิมพ์พจี  นพสุวรรณ',NULL,NULL,'กกล.ฯ','ocg4',NULL,NULL,0,1,'jpg'),(61,'5481100320',NULL,'ร.ท.หญิง ธิดา   เสาเวียง',NULL,NULL,'กกล.ฯ','ocg4',NULL,NULL,0,1,'jpg'),(62,'1446000568',NULL,'ร.ต. ณัฐวุฒิ  เลาสมบูรณ์',NULL,NULL,'กกล.ฯ','ocg4',NULL,NULL,0,1,'jpg'),(63,'5381010508',NULL,'จ.ส.อ.หญิง สุภาพร  คนึงรัมย์',NULL,NULL,'กกล.ฯ','ocg4',NULL,NULL,0,1,'jpg'),(64,'1313310091',NULL,'จ.ส.อ. พรพรหม  เลาหตระกูล',NULL,NULL,'กกล.ฯ','ocg4',NULL,NULL,0,0,'jpg'),(65,'1355400117',NULL,'พ.อ.อ. มานะ  บุญเยี่ยม',NULL,NULL,'กกล.ฯ','ocg4',NULL,NULL,0,1,'jpg'),(66,'3403300123',NULL,'พ.อ.อ. จิรายุ  สุขจิตร',NULL,NULL,'กกล.ฯ','ocg4',NULL,NULL,0,1,'jpg'),(67,'5391140216',NULL,'จ.ส.อ.หญิง สารภี  รัตนภูมิ',NULL,NULL,'กกล.ฯ','ocg4',NULL,NULL,0,1,'jpg'),(68,'5471220120',NULL,'จ.ส.อ.หญิง วรารัตน์  มหาศรานนท์',NULL,NULL,'กกล.ฯ','ocg4',NULL,NULL,0,0,'jpg'),(69,'1363313039',NULL,'จ.ส.อ. กิตติพล  ปานกระหนก',NULL,NULL,'กกล.ฯ','ocg4',NULL,NULL,0,0,'jpg'),(70,'3443300426',NULL,'พ.อ.อ. ชานนท์  รวยป้อม',NULL,NULL,'กกล.ฯ','ocg4',NULL,NULL,0,0,'jpg'),(71,'7511050984',NULL,'พ.จ.อ.หญิง น้ำอ้อย  กองเกิด',NULL,NULL,'กกล.ฯ','ocg4',NULL,NULL,0,1,'jpg'),(72,'7511050938',NULL,'พ.จ.อ.หญิง ศิรินันท์  วังอินทร์',NULL,NULL,'กกล.ฯ','ocg4',NULL,NULL,0,1,'jpg'),(73,'1472801905',NULL,'จ.ส.อ. เอกราช  นุขผักแว่น',NULL,NULL,'กกล.ฯ','ocg4',NULL,NULL,0,1,'jpg'),(74,'1510302398',NULL,'ส.อ. จตุพร  วรรณพฤกษ์',NULL,NULL,'กกล.ฯ','ocg4',NULL,NULL,0,0,'jpg'),(75,'1565300550',NULL,'ส.อ. สิทธิชัย  มาลาศรี',NULL,NULL,'กกล.ฯ','ocg4',NULL,NULL,0,1,'jpg'),(76,'1574902120',NULL,'ส.อ. ปัญญา  สายบัว',NULL,NULL,'กกล.ฯ','ocg4',NULL,NULL,0,1,'jpg'),(77,'1393313023',NULL,'ส.อ. สุทัต  วัชรเสวี',NULL,NULL,'กกล.ฯ','ocg4',NULL,NULL,0,1,'jpg'),(78,'1496900319',NULL,'จ.อ. อำพล  เลิกจิ๋ว',NULL,NULL,'กกล.ฯ','ocg4',NULL,NULL,0,1,'jpg'),(79,'1543308398',NULL,'ส.อ. พงเพชร  บุญเทียม',NULL,NULL,'กกล.ฯ','ocg4',NULL,NULL,0,0,'jpg'),(80,'1532100928',NULL,'ส.อ. วินัย  นุยจันทึก',NULL,NULL,'กกล.ฯ','ocg4',NULL,NULL,0,1,'jpg'),(81,'6601050948',NULL,'ส.อ.หญิง อริษา  อยู่สุข',NULL,NULL,'กกล.ฯ','ocg4',NULL,NULL,0,1,'jpg'),(82,'6601050949',NULL,'ส.อ.หญิง ธันวาลักษณ์  พรมนาถ',NULL,NULL,'กกล.ฯ','ocg4',NULL,NULL,0,0,'jpg'),(83,'6601050950',NULL,'ส.อ.หญิง ศศิภา   สิงห์โต',NULL,NULL,'กกล.ฯ','ocg4',NULL,NULL,0,0,'jpg'),(84,'1472401022',NULL,'ส.ท. ชัยนันท์  สุขสำราญ',NULL,NULL,'กกล.ฯ','ocg4',NULL,NULL,0,1,'jpg'),(85,'6591050103',NULL,'ส.ท.หญิง รษิกา  ปานหัตถา',NULL,NULL,'กกล.ฯ','ocg4',NULL,NULL,0,1,'jpg'),(86,'6601050057',NULL,'ส.ท.หญิง อารีรัตน์  ทองอ่อน',NULL,NULL,'กกล.ฯ','ocg4',NULL,NULL,0,1,'jpg'),(87,'6621050256',NULL,'ส.ท.หญิง หฤทธาดา  ภูมิไชยา',NULL,NULL,'กกล.ฯ','ocg4',NULL,NULL,0,1,'jpg'),(88,'1542103680',NULL,'จ.ต. อมรวุฒิ  โตหมื่นไวย',NULL,NULL,'กกล.ฯ','ocg4',NULL,NULL,0,1,'jpg'),(89,'6627050395',NULL,'นายศุภวรรธน์  เพิ่มพลสุข',NULL,NULL,'กกล.ฯ','ocg4',NULL,NULL,0,1,'jpg'),(90,'6637050355',NULL,'นาง สุภาพ  เลิกจิ๋ว',NULL,NULL,'กกล.ฯ','ocg4',NULL,NULL,0,1,'jpg'),(91,'5345160315',NULL,'นายมาโนช  มลิวัลย์',NULL,NULL,'กกล.ฯ','ocg4',NULL,NULL,0,1,'jpg'),(92,'5345141203',NULL,'นาย ธนพันธ์  สุเมธรา',NULL,NULL,'กกล.ฯ','ocg4',NULL,NULL,0,1,'jpg'),(93,'5395030309',NULL,'นายเพ็ชร  เขาลาด',NULL,NULL,'กกล.ฯ','ocg4',NULL,NULL,0,1,'jpg'),(94,'6291101207',NULL,'พ.อ.หญิง กุลธิดา  สาคร',NULL,NULL,'กจก.ฯ','ocg5',NULL,NULL,0,1,'jpg'),(95,'3372200004',NULL,'น.อ. กิจติพงษ์  จิญห์โณภาสกุล',NULL,NULL,'กจก.ฯ','ocg5',NULL,NULL,0,0,'jpg'),(96,'6321191209',NULL,'พ.อ.หญิง กนกวรรณ  บุญชัย',NULL,NULL,'กจก.ฯ','ocg5',NULL,NULL,0,1,'jpg'),(97,'1263316601',NULL,'พ.อ. เชษฐา  โกมลกนก',NULL,NULL,'กจก.ฯ','ocg5',NULL,NULL,0,0,'jpg'),(98,'1313101501',NULL,'พ.อ. รัชพล  เจริญยิ่ง',NULL,NULL,'กจก.ฯ','ocg5',NULL,NULL,0,0,'jpg'),(99,'5371010504',NULL,'น.ท.หญิง ภาวนา  อัฐฐิ ร.น.',NULL,NULL,'กจก.ฯ','ocg5',NULL,NULL,0,0,'jpg'),(100,'1422402276',NULL,'พ.ท. เสมา  กระต่ายทอง',NULL,NULL,'กจก.ฯ','ocg5',NULL,NULL,0,1,'jpg'),(101,'2295400024',NULL,'น.ท. ธวัชชัย  ทาทอง ร.น.',NULL,NULL,'กจก.ฯ','ocg5',NULL,NULL,0,1,'jpg'),(102,'5461080222',NULL,'พ.ท.หญิง ภารวี  สดสว่าง',NULL,NULL,'กจก.ฯ','ocg5',NULL,NULL,0,1,'jpg'),(103,'1423314784',NULL,'น.ท. ชนินทร์  จีนแสร์',NULL,NULL,'กจก.ฯ','ocg5',NULL,NULL,0,1,'jpg'),(104,'8471250124',NULL,'น.ท.หญิง เพียงตะวัน  กาญจนะ',NULL,NULL,'กจก.ฯ','ocg5',NULL,NULL,0,0,'jpg'),(105,'1403302643',NULL,'พ.ต. นัฐพล  เจียรนำวงศ์',NULL,NULL,'กจก.ฯ','ocg5',NULL,NULL,0,1,'jpg'),(106,'1393313025',NULL,'ร.ท. ชัยวัฒน์  พลอยมีรัศมี',NULL,NULL,'กจก.ฯ','ocg5',NULL,NULL,0,1,'jpg'),(107,'8591050631',NULL,'ร.ท.หญิง ธิมณฑา  ปองเสงี่ยม',NULL,NULL,'กจก.ฯ','ocg5',NULL,NULL,0,1,'jpg'),(108,'1373314682',NULL,'ร.ท. สุทธิชัย  ทัพไชย',NULL,NULL,'กจก.ฯ','ocg5',NULL,NULL,0,0,'jpg'),(109,'1453302444',NULL,'ร.ต. เทวฤทธิ์  เงาศรี',NULL,NULL,'กจก.ฯ','ocg5',NULL,NULL,0,0,'jpg'),(110,'1352901535',NULL,'ร.ต. ศิรพงศ์  สุขใจ',NULL,NULL,'กจก.ฯ','ocg5',NULL,NULL,0,0,'jpg'),(111,'1427501062',NULL,'ร.ต. ภัทรศักดิ์  เพ็ชรสมบัติ',NULL,NULL,'กจก.ฯ','ocg5',NULL,NULL,0,1,'jpg'),(112,'1531200827',NULL,'จ.ส.อ. สุรชัย  สันวิจิตร',NULL,NULL,'กจก.ฯ','ocg5',NULL,NULL,0,0,'jpg'),(113,'7511050940',NULL,'พ.จ.อ.หญิง ณิชาภา  สาระติ',NULL,NULL,'กจก.ฯ','ocg5',NULL,NULL,0,0,'jpg'),(114,'7591050635',NULL,'จ.อ.หญิง วราภรณ์  กานต์วงศ์ชัย',NULL,NULL,'กจก.ฯ','ocg5',NULL,NULL,0,0,'jpg'),(115,'6627050396',NULL,'นางสาว กัลยกร  ทิมอ่ำ',NULL,NULL,'กจก.ฯ','ocg5',NULL,NULL,0,0,'jpg'),(116,'5271010204',NULL,'น.อ.หญิง ปนัดดา  เกิดผล',NULL,NULL,'สน.ปช.','ocg6',NULL,NULL,0,0,'jpg'),(117,'5341220909',NULL,'น.อ.หญิง เรืองอุไร  รักษ์หิรัญ ร.น.',NULL,NULL,'สน.ปช.','ocg6',NULL,NULL,0,0,'jpg'),(118,'1296000187',NULL,'น.อ. วิทยา  เสือคง',NULL,NULL,'สน.ปช.','ocg6',NULL,NULL,0,0,'jpg'),(119,'1362400876',NULL,'พ.อ. จิรเดช  พงศ์สุวรรณ',NULL,NULL,'สน.ปช.','ocg6',NULL,NULL,0,0,'jpg'),(120,'1413303837',NULL,'พ.อ. ศุภร  พึ่งเนตร',NULL,NULL,'สน.ปช.','ocg6',NULL,NULL,0,0,'jpg'),(121,'5381231114',NULL,'น.อ.หญิง ธนวรรณ  จันทร์ปัญญา ร.น.',NULL,NULL,'สน.ปช.','ocg6',NULL,NULL,0,0,'jpg'),(122,'1432400614',NULL,'พ.ท. สุระ  เมนะสูต',NULL,NULL,'สน.ปช.','ocg6',NULL,NULL,0,0,'jpg'),(123,'5431030718',NULL,'พ.ท.หญิง สิริรักษ์  ขุนทอง',NULL,NULL,'สน.ปช.','ocg6',NULL,NULL,0,0,'jpg'),(124,'5421031020',NULL,'น.ท.หญิง เอมอร  จิตร์สวัสดิ์ ร.น.',NULL,NULL,'สน.ปช.','ocg6',NULL,NULL,0,0,'jpg'),(125,'1382401013',NULL,'ร.อ. นิพนธ์  จันทร์พา',NULL,NULL,'สน.ปช.','ocg6',NULL,NULL,0,0,'jpg'),(126,'1454100390',NULL,'ร.ต. อภิสิทธิ์  การะเวก ร.น.',NULL,NULL,'สน.ปช.','ocg6',NULL,NULL,0,0,'jpg'),(127,'1364200319',NULL,'จ.ส.อ. สมศักดิ์  พรตันติพงศ์',NULL,NULL,'สน.ปช.','ocg6',NULL,NULL,0,0,'jpg'),(128,'5471191220',NULL,'พ.จ.อ.หญิง นัทถนิดชา  โคตรประทุม',NULL,NULL,'สน.ปช.','ocg6',NULL,NULL,0,0,'jpg'),(129,'1482400364',NULL,'จ.ส.อ. นฤนาท  มีมา',NULL,NULL,'สน.ปช.','ocg6',NULL,NULL,0,0,'jpg'),(130,'1533313256',NULL,'จ.ส.อ. สุณัฐชา  เขยะตา',NULL,NULL,'สน.ปช.','ocg6',NULL,NULL,0,0,'jpg'),(131,'6581050868',NULL,'ส.อ.หญิง นันทิยา  ประจวบโชค',NULL,NULL,'สน.ปช.','ocg6',NULL,NULL,0,0,'jpg'),(132,'6571051021',NULL,'ส.อ.หญิง มุทิตา  ฉัตรมงคลสิริ',NULL,NULL,'สน.ปช.','ocg6',NULL,NULL,0,0,'jpg'),(133,'6611050375',NULL,'ส.ท.หญิง ภูชิดา  มุทธะระพัฒน์',NULL,NULL,'สน.ปช.','ocg6',NULL,NULL,0,0,'jpg'),(134,'6621051311',NULL,'ส.ท.หญิง พีรญา  นาคประกาศ',NULL,NULL,'สน.ปช.','ocg6',NULL,NULL,0,0,'jpg'),(135,'6611051335',NULL,'ส.ต.หญิง ปัณณภัสร์  กฤตย์วรรัชต์',NULL,NULL,'สน.ปช.','ocg6',NULL,NULL,0,0,'jpg'),(136,'6451251021',NULL,'พ.ท.หญิง ชลธิรา  คล้ายโอภาส',NULL,NULL,'ผกง.','ocg6',NULL,NULL,0,0,'jpg'),(137,'1363313381',NULL,'ร.อ. อาคม  เจริญศิริ',NULL,NULL,'ผกง.','ocg6',NULL,NULL,0,0,'jpg'),(138,'1346401908',NULL,'ร.ท. วิชัย  เพ็งศรี',NULL,NULL,'ผกง.','ocg6',NULL,NULL,0,0,'jpg'),(139,'6631050263',NULL,'ว่าที่ ร.ต.หญิง พิชญา  เปียแก้ว',NULL,NULL,'ผกง.','ocg6',NULL,NULL,0,0,'jpg'),(140,'2343300161',NULL,'พ.จ.อ. ณัฐกฤต  กัญจนศุข',NULL,NULL,'ผกง.','ocg6',NULL,NULL,0,0,'jpg'),(141,'6621050226',NULL,'ส.ท.หญิง มาริษา  อ่อนฉ่ำ',NULL,NULL,'ผกง.','ocg6',NULL,NULL,0,0,'jpg'),(142,'7621050230',NULL,'จ.ท.หญิง เบญจรัตน์  แหยมนาค',NULL,NULL,'ผกง.','ocg6',NULL,NULL,0,0,'jpg'),(143,'5391180617',NULL,'น.อ.หญิง สมลักษณ์  สิงหเสวี ร.น.',NULL,NULL,'งป.','ocg6',NULL,NULL,0,0,'jpg'),(144,'5371110612',NULL,'พ.ท.หญิง รภัสสรณ์  กันภัย',NULL,NULL,'งป.','ocg6',NULL,NULL,0,0,'jpg'),(145,'8571030410',NULL,'ร.อ.หญิง เมทิกา  วงษ์ฤทธิ์',NULL,NULL,'งป.','ocg6',NULL,NULL,0,0,'jpg'),(146,'2373300523',NULL,'ร.ท. วสุกราห์  วิปกรสห์ ร.น.',NULL,NULL,'งป.','ocg6',NULL,NULL,0,0,'jpg'),(147,'6601050857',NULL,'ส.อ.หญิง เจนจิรา  ชุมเพ็ชร',NULL,NULL,'งป.','ocg6',NULL,NULL,0,0,'jpg'),(148,'5351140906',NULL,'พ.อ.หญิง นัษฐา  ธรรมสุทธิกุล',NULL,NULL,'นตส.','ocg6',NULL,NULL,0,0,'jpg'),(149,'7461140718',NULL,'น.อ.หญิง ชญาดา  เงินเจริญ  ร.น.',NULL,NULL,'นตส.','ocg6',NULL,NULL,0,0,'jpg'),(150,'7491050502',NULL,'พ.จ.อ.หญิง มะลิวัล  ศิริชน',NULL,NULL,'นตส.','ocg6',NULL,NULL,0,0,'jpg'),(151,'1533313225',NULL,'จ.ส.ต. ชัชวิน  เณรหนู',NULL,NULL,'นตส.','ocg6',NULL,NULL,0,0,'jpg'),(152,'6311281108',NULL,'พ.อ.หญิง อัจฉรา  โชตนภูติ',NULL,NULL,'กกม.ฯ','ocg7',NULL,NULL,0,0,'jpg'),(153,'5341111109',NULL,'น.อ.หญิง ชญาน์นันท์  ทิพยจันทร์',NULL,NULL,'กกม.ฯ','ocg7',NULL,NULL,0,0,'jpg'),(154,'1303307844',NULL,'พ.ท. ศรัณย์  เจียมเจริญ',NULL,NULL,'กกม.ฯ','ocg7',NULL,NULL,0,0,'jpg'),(155,'1360301135',NULL,'น.ท. ไพบูลย์  นาสมจิตร  ร.น.',NULL,NULL,'กกม.ฯ','ocg7',NULL,NULL,0,0,'jpg'),(156,'1403801484',NULL,'พ.ต. อนุวัตร  คงกล่อม',NULL,NULL,'กกม.ฯ','ocg7',NULL,NULL,0,0,'jpg'),(157,'1386700279',NULL,'ร.อ. จักรพงษ์  สังเกตุกิจ',NULL,NULL,'กกม.ฯ','ocg7',NULL,NULL,0,0,'jpg'),(158,'1503300236',NULL,'ร.อ. สมภพ  ม่วงจินดา ร.น.',NULL,NULL,'กกม.ฯ','ocg7',NULL,NULL,0,0,'jpg'),(159,'1362301086',NULL,'ร.ท. สมนึก  กลึงพุดซา  ร.น.',NULL,NULL,'กกม.ฯ','ocg7',NULL,NULL,0,0,'jpg'),(160,'1413300302',NULL,'จ.ส.อ. ศักดิ์เลิศ  ใจชอบ',NULL,NULL,'กกม.ฯ','ocg7',NULL,NULL,0,0,'jpg'),(161,'1430300495',NULL,'พ.จ.อ. ธีระศักดิ์  ภูสีดวง',NULL,NULL,'กกม.ฯ','ocg7',NULL,NULL,0,0,'jpg'),(162,'5481290423',NULL,'พ.อ.อ.หญิง ภัณฑิรา  เปรมกาศ',NULL,NULL,'กกม.ฯ','ocg7',NULL,NULL,0,0,'jpg'),(163,'1494001564',NULL,'จ.ส.อ. ณัฐกานต์  ปานนิล',NULL,NULL,'กกม.ฯ','ocg7',NULL,NULL,0,0,'jpg'),(164,'1535401244',NULL,'จ.ส.อ. วัสสันต์  โสมสัย',NULL,NULL,'กกม.ฯ','ocg7',NULL,NULL,0,0,'jpg'),(165,'6611050574',NULL,'ส.ท.หญิง สินีนาฏ  แสงทอง',NULL,NULL,'กกม.ฯ','ocg7',NULL,NULL,0,0,'jpg'),(166,'6631050072',NULL,'ส.ต. โขมพัสตร์  แสงเมือง',NULL,NULL,'กกม.ฯ','ocg7',NULL,NULL,0,0,'jpg'),(167,'1283315398',NULL,'พ.อ. อนุชา  จันทรโชติ',NULL,NULL,'กงป.ฯ','ocg8',NULL,NULL,0,1,'jpg'),(168,'1235000964',NULL,'พ.อ. วีระ  ศรีพันธุ์',NULL,NULL,'กงป.ฯ','ocg8',NULL,NULL,0,1,'jpg'),(169,'1400900439',NULL,'พ.อ. พงศภัค  ลิมปิยนันท์',NULL,NULL,'กงป.ฯ','ocg8',NULL,NULL,0,1,'jpg'),(170,'5341291207',NULL,'น.อ.หญิง สุประวีณ์  ณ นคร ร.น.',NULL,NULL,'กงป.ฯ','ocg8',NULL,NULL,0,1,'jpg'),(171,'5341250810',NULL,'น.อ.หญิง วราทิพย์  จิระเมธีวัฒน์  ร.น.',NULL,NULL,'กงป.ฯ','ocg8',NULL,NULL,0,1,'jpg'),(172,'1363310209',NULL,'พ.อ. กีรดิศ  ชื่นบุญ',NULL,NULL,'กงป.ฯ','ocg8',NULL,NULL,0,1,'jpg'),(173,'3273300305',NULL,'พ.อ. สุรพงษ์  เฟื่องชูนุต',NULL,NULL,'กงป.ฯ','ocg8',NULL,NULL,0,1,'jpg'),(174,'5381150904',NULL,'น.อ.หญิง ปาณิศา  บุญชัยศรี  ร.น.',NULL,NULL,'กงป.ฯ','ocg8',NULL,NULL,0,1,'jpg'),(175,'5441191120',NULL,'น.อ.หญิง อภิรดี  เฮงสิ',NULL,NULL,'กงป.ฯ','ocg8',NULL,NULL,0,1,'jpg'),(176,'5431290320',NULL,'พ.ท.หญิง วรดา  ศรีสุข',NULL,NULL,'กงป.ฯ','ocg8',NULL,NULL,0,1,'jpg'),(177,'9371300514',NULL,'น.ท.หญิง อรรถพร  แก้วเสมา ร.น.',NULL,NULL,'กงป.ฯ','ocg8',NULL,NULL,0,1,'jpg'),(178,'5371210314',NULL,'น.ท.หญิง อารียา  โพธิ์อ้น ร.น.',NULL,NULL,'กงป.ฯ','ocg8',NULL,NULL,0,1,'jpg'),(179,'5481310126',NULL,'น.ท.หญิง ทิชากร  ศศิธร ร.น.',NULL,NULL,'กงป.ฯ','ocg8',NULL,NULL,0,1,'jpg'),(180,'6441240415',NULL,'พ.ท.หญิง บูรณ์เฉลิม  ตันติวณิชชากร',NULL,NULL,'กงป.ฯ','ocg8',NULL,NULL,0,1,'jpg'),(181,'1442402013',NULL,'พ.ต. วิทยา  อนันต์สิทธิชัย',NULL,NULL,'กงป.ฯ','ocg8',NULL,NULL,0,1,'jpg'),(182,'5371091216',NULL,'น.ต.หญิง น้องนุช   หลำเพิกสืบ ร.น.',NULL,NULL,'กงป.ฯ','ocg8',NULL,NULL,0,1,'jpg'),(183,'1532402133',NULL,'ร.อ. วิชัย  เปลี่ยนศรีเพ็ชร์',NULL,NULL,'กงป.ฯ','ocg8',NULL,NULL,0,1,'jpg'),(184,'6601050036',NULL,'ร.ท.หญิง สุทธิดา  ประสงค์สำเร็จ',NULL,NULL,'กงป.ฯ','ocg8',NULL,NULL,0,1,'jpg'),(185,'6551051013',NULL,'ร.ต.หญิง จิรพรรณ  จันทรสุคนธ์',NULL,NULL,'กงป.ฯ','ocg8',NULL,NULL,0,1,'jpg'),(186,'6611050584',NULL,'ร.ต.หญิง ฌัชชนันทน์  จันทมาลา',NULL,NULL,'กงป.ฯ','ocg8',NULL,NULL,0,1,'jpg'),(187,'1563311037',NULL,'ร.ต. ธนยศ  สกุลชาติ',NULL,NULL,'กงป.ฯ','ocg8',NULL,NULL,0,1,'jpg'),(188,'7621050056',NULL,'ร.ต.หญิง จิราพร  แซ่เลี้ยว  ร.น.',NULL,NULL,'กงป.ฯ','ocg8',NULL,NULL,0,1,'jpg'),(189,'1562102354',NULL,'ร.ต. ภาณุพัฒน์  เหลือพร้อม',NULL,NULL,'กงป.ฯ','ocg8',NULL,NULL,0,1,'jpg'),(190,'6622050305',NULL,'ร.ต.หญิง แพทรียา  พุ่มพิเชฏฐ์',NULL,NULL,'กงป.ฯ','ocg8',NULL,NULL,0,1,'jpg'),(191,'1403302644',NULL,'จ.ส.อ. พินิจ  เอี่ยมชู',NULL,NULL,'กงป.ฯ','ocg8',NULL,NULL,0,1,'jpg'),(192,'8511050942',NULL,'พ.อ.อ.หญิง มณฑาทิพย์  หมวดรุ่ง',NULL,NULL,'กงป.ฯ','ocg8',NULL,NULL,0,1,'jpg'),(193,'6511050848',NULL,'จ.ส.อ.หญิง ณัฏฐณี  อุรุทมา',NULL,NULL,'กงป.ฯ','ocg8',NULL,NULL,0,1,'jpg'),(194,'1487103716',NULL,'พ.จ.อ. สุริยัน  พลพิพัฒน์',NULL,NULL,'กงป.ฯ','ocg8',NULL,NULL,0,1,'jpg'),(195,'1534300527',NULL,'จ.ส.อ. อาทิตย์  เศรษฐพงศ์  แทนหาร',NULL,NULL,'กงป.ฯ','ocg8',NULL,NULL,0,1,'jpg'),(196,'1513308794',NULL,'ส.ท. วิโรจน์  เนียมแสง',NULL,NULL,'กงป.ฯ','ocg8',NULL,NULL,0,1,'jpg'),(197,'1517104314',NULL,'ส.ท. วรพล  แสนทวีสุข',NULL,NULL,'กงป.ฯ','ocg8',NULL,NULL,0,1,'jpg'),(198,'6601050096',NULL,'ส.ท.หญิง พรพรรณ  เผือดผ่อง',NULL,NULL,'กงป.ฯ','ocg8',NULL,NULL,0,1,'jpg'),(199,'1583303505',NULL,'ส.ท. วรวิทย์  หิรัญพฤกษ์',NULL,NULL,'กงป.ฯ','ocg8',NULL,NULL,0,1,'jpg'),(200,'5295270504',NULL,'นายประทีป  ฉ่ำผิว',NULL,NULL,'กงป.ฯ','ocg8',NULL,NULL,0,1,'jpg'),(201,'6627050394',NULL,'นางสาว วรรณพร  ศิลป์อัจฉริยะ',NULL,NULL,'กงป.ฯ','ocg8',NULL,NULL,0,1,'jpg'),(202,'5391201216',NULL,'พ.อ.หญิง วราภรณ์  เสาเวียง',NULL,NULL,'กคป.ฯ','ocg9',NULL,NULL,0,0,'jpg'),(203,'5351210111',NULL,'น.อ.หญิง ณัฐชลัยย์  บุญชัยศรี ร.น.',NULL,NULL,'กคป.ฯ','ocg9',NULL,NULL,0,0,'jpg'),(204,'8351271013',NULL,'น.อ.หญิง เวสาลี  บัวรักษา',NULL,NULL,'กคป.ฯ','ocg9',NULL,NULL,0,1,'jpg'),(205,'6461290717',NULL,'พ.อ.หญิง มณพร  สรวยสุวรรณ',NULL,NULL,'กคป.ฯ','ocg9',NULL,NULL,0,1,'jpg'),(206,'6481130818',NULL,'พ.ท.หญิง วีราวรรณ  หนิสอ',NULL,NULL,'กคป.ฯ','ocg9',NULL,NULL,0,1,'jpg'),(207,'5391200421',NULL,'พ.ท.หญิง อรวรรณ  แก้วรัตนะ',NULL,NULL,'กคป.ฯ','ocg9',NULL,NULL,0,0,'jpg'),(208,'1392900469',NULL,'พ.ท. พิษณุ  บุญบัวทอง',NULL,NULL,'กคป.ฯ','ocg9',NULL,NULL,0,0,'jpg'),(209,'7491050228',NULL,'น.ท.หญิง กัลยาณี  ร่มพุฒตาล  ร.น.',NULL,NULL,'กคป.ฯ','ocg9',NULL,NULL,0,1,'jpg'),(210,'1491300985',NULL,'น.ต. รัตกุล  ระวิน',NULL,NULL,'กคป.ฯ','ocg9',NULL,NULL,0,0,'jpg'),(211,'5401120921',NULL,'น.ต.หญิง ธันยาพร  สารินทร์  ร.น.',NULL,NULL,'กคป.ฯ','ocg9',NULL,NULL,0,0,'jpg'),(212,'7561050201',NULL,'ร.อ.หญิง ผาณิต  จันทร์เสวก ร.น.',NULL,NULL,'กคป.ฯ','ocg9',NULL,NULL,0,0,'jpg'),(213,'5441070819',NULL,'ร.อ.หญิง กนกพร  ผาสุข',NULL,NULL,'กคป.ฯ','ocg9',NULL,NULL,0,0,'jpg'),(214,'1510201139',NULL,'ร.ท. วศิน  สิทธิสร',NULL,NULL,'กคป.ฯ','ocg9',NULL,NULL,0,1,'jpg'),(215,'6601050847',NULL,'ร.ท.หญิง พัศพิชชา  คำภานนท์',NULL,NULL,'กคป.ฯ','ocg9',NULL,NULL,0,0,'jpg'),(216,'5461230123',NULL,'ร.ต.หญิง กฤษณา  บุญบัวทอง ร.น.',NULL,NULL,'กคป.ฯ','ocg9',NULL,NULL,0,0,'jpg'),(217,'6611051319',NULL,'ร.ต.หญิง จิราพัชร  เบญญศรี',NULL,NULL,'กคป.ฯ','ocg9',NULL,NULL,0,0,'jpg'),(218,'6632050309',NULL,'นางสาว พัสวี  แก้วมหา',NULL,NULL,'กคป.ฯ','ocg9',NULL,NULL,0,1,'jpg'),(219,'5431050517',NULL,'จ.ส.อ.หญิง ณัฐกฤตา  อารีย์เกื้อ',NULL,NULL,'กคป.ฯ','ocg9',NULL,NULL,0,1,'jpg'),(220,'1503323233',NULL,'จ.ส.อ. พิชญะ  อร่ามพงษ์',NULL,NULL,'กคป.ฯ','ocg9',NULL,NULL,0,1,'jpg'),(221,'6601050858',NULL,'ส.อ.หญิง รัตนาพร  จงจิตต์',NULL,NULL,'กคป.ฯ','ocg9',NULL,NULL,0,0,'jpg'),(222,'6621050225',NULL,'ส.ท.หญิง วริษา  สำมณี',NULL,NULL,'กคป.ฯ','ocg9',NULL,NULL,0,0,'jpg'),(223,'6632050504',NULL,'นายสหรัฐ  อ่อนละออ',NULL,NULL,'กคป.ฯ','ocg9',NULL,NULL,0,1,'jpg'),(224,'6627050398',NULL,'นางสาว อรยา  เฉื่อยกลาง',NULL,NULL,'กคป.ฯ','ocg9',NULL,NULL,0,1,'jpg'),(225,'6627050397',NULL,'นางสาว ทิพยวรรณ  คลี่บุญ',NULL,NULL,'กคป.ฯ','ocg9',NULL,NULL,0,1,'jpg'),(226,'5261211003',NULL,'พ.อ.หญิง วัชรา  แสนคำ',NULL,NULL,'กตป.ฯ','ocg10',NULL,NULL,0,0,'jpg'),(227,'1343102757',NULL,'พ.อ. ณัฐกร  เข็มทอง',NULL,NULL,'กตป.ฯ','ocg10',NULL,NULL,0,0,'jpg'),(228,'1273311179',NULL,'พ.อ. ประจักษ์  แสงจันทร์ผ่อง',NULL,NULL,'กตป.ฯ','ocg10',NULL,NULL,0,0,'jpg'),(229,'1313323882',NULL,'น.อ. ชลัติ  เฉลยจรรยา',NULL,NULL,'กตป.ฯ','ocg10',NULL,NULL,0,0,'jpg'),(230,'5471020424',NULL,'พ.ท.หญิง สิรีรัศมิ์  ภาม่วงเลี่ยม',NULL,NULL,'กตป.ฯ','ocg10',NULL,NULL,0,0,'jpg'),(231,'5341030515',NULL,'น.ต.หญิง ลำยอง  เปรมทอง ร.น.',NULL,NULL,'กตป.ฯ','ocg10',NULL,NULL,0,0,'jpg'),(232,'5351111209',NULL,'พ.ต.หญิง นันทรัตน์  นุ่มฤทธิ์',NULL,NULL,'กตป.ฯ','ocg10',NULL,NULL,0,0,'jpg'),(233,'1445001877',NULL,'พ.ต. อัศวิน  อ่อนจันทร์',NULL,NULL,'กตป.ฯ','ocg10',NULL,NULL,0,0,'jpg'),(234,'1476500254',NULL,'ร.ท. พิสุทธิ์  โพธิ์อ้น',NULL,NULL,'กตป.ฯ','ocg10',NULL,NULL,0,0,'jpg'),(235,'6601050883',NULL,'ร.ท.หญิง ภัคจิรา  พงษ์พานิช',NULL,NULL,'กตป.ฯ','ocg10',NULL,NULL,0,0,'jpg'),(236,'8491050523',NULL,'ร.ต.หญิง นันท์นภัส  ธนสารกาญจน์กูร',NULL,NULL,'กตป.ฯ','ocg10',NULL,NULL,0,0,'jpg'),(237,'5341190107',NULL,'ร.ต.หญิง เรณู  สุทธิ',NULL,NULL,'กตป.ฯ','ocg10',NULL,NULL,0,0,'jpg'),(238,'5341251011',NULL,'จ.ส.อ.หญิง ธันย์นิชา  นิลเลิศพัฒน์',NULL,NULL,'กตป.ฯ','ocg10',NULL,NULL,0,0,'jpg'),(239,'3505000195',NULL,'พ.อ.อ. วรกฤศ  กันภัย',NULL,NULL,'กตป.ฯ','ocg10',NULL,NULL,0,0,'jpg'),(240,'8511050943',NULL,'พ.อ.อ.หญิง ณิชมน  กลางพอน',NULL,NULL,'กตป.ฯ','ocg10',NULL,NULL,0,0,'jpg'),(241,'7531050863',NULL,'พ.จ.อ.หญิง ชฎาพร  สุวรรณา',NULL,NULL,'กตป.ฯ','ocg10',NULL,NULL,0,0,'jpg'),(242,'1584900617',NULL,'จ.ส.ต. ชิษณุพงศ์  รัตนพิทักษ์',NULL,NULL,'กตป.ฯ','ocg10',NULL,NULL,0,0,'jpg'),(243,'6561050870',NULL,'ส.อ.หญิง วนิดา  ไวยโรจน์',NULL,NULL,'กตป.ฯ','ocg10',NULL,NULL,0,0,'jpg'),(244,'6621050229',NULL,'ส.ท.หญิง วาสนา  วิริยะ',NULL,NULL,'กตป.ฯ','ocg10',NULL,NULL,0,0,'jpg'),(245,'1622403425',NULL,'ส.ต. ประกาศิต  คงเหลือ',NULL,NULL,'กตป.ฯ','ocg10',NULL,NULL,0,0,'jpg'),(246,'1633300104',NULL,'จ.ต. ธงชาติ  กาญจนวาศ',NULL,NULL,'กตป.ฯ','ocg10',NULL,NULL,0,0,'jpg');

#
# Structure for table "person_rank"
#

DROP TABLE IF EXISTS `person_rank`;
CREATE TABLE `person_rank` (
  `CRAK_CODE` varchar(255) DEFAULT NULL,
  `CRAK_CDEP_CODE` varchar(255) DEFAULT NULL,
  `CRAK_NAME_ACM` varchar(255) DEFAULT NULL,
  `CRAK_NAME_FULL` varchar(255) DEFAULT NULL,
  `CRAK_NAME_ACM1` varchar(255) DEFAULT NULL,
  `CRAK_NAME_ENG_ACM` varchar(255) DEFAULT NULL,
  `CRAK_NAME_ENG_FULL` varchar(255) DEFAULT NULL,
  `CRAK_NAME_FULL_PRINT` varchar(255) DEFAULT NULL
) ENGINE=InnoDB DEFAULT CHARSET=utf8;

#
# Data for table "person_rank"
#

INSERT INTO `person_rank` VALUES ('01','1','พล.อ.','พลเอก','พล.อ.','Gen.','Field Marshal','พลเอก'),('01','2','พล.ร.อ.','พลเรือเอก','พล.ร.อ.','Adm.','Admiral of the Fleet','พลเรือเอก'),('01','3','พล.อ.อ.','พลอากาศเอก','พล.อ.อ.','ACM','Marshal of the Royal Thai Air Force','พลอากาศเอก'),('02','1','พล.อ.','พลเอก','พล.อ.','Gen.','General','พลเอก'),('02','2','พล.ร.อ.','พลเรือเอก','พล.ร.อ.','Adm.','Admiral','พลเรือเอก'),('02','3','พล.อ.อ.','พลอากาศเอก','พล.อ.อ.','ACM','Air Chief Marshal','พลอากาศเอก'),('03','1','พล.ท.','พลโท','พล.ท.','Lt.Gen.','Lieutenant General','พลโท'),('03','2','พล.ร.ท.','พลเรือโท','พล.ร.ท.','VAdm.','Vice  Admiral','พลเรือโท'),('03','3','พล.อ.ท.','พลอากาศโท','พล.อ.ท.','AM','Air Marshal','พลอากาศโท'),('04','1','พล.ต.','พลตรี','พล.ต.','Maj.Gen.','Major General','พลตรี'),('04','2','พล.ร.ต.','พลเรือตรี','พล.ร.ต.','RAdm.','Rear Admiral','พลเรือตรี'),('04','3','พล.อ.ต.','พลอากาศตรี','พล.อ.ต.','AVM','Air Vice Marshal','พลอากาศตรี'),('05','1','พ.อ.พ.','พันเอก','พ.อ.','Col.','Colonel','พันเอก'),('05','2','น.อ.พ.','นาวาเอก','น.อ.','Capt.','Captain','นาวาเอก'),('05','3','น.อ.พ.','นาวาอากาศเอก','น.อ.','Gp.Capt.','Group Captain','นาวาอากาศเอก'),('06','1','พ.อ.','พันเอก','พ.อ.','Col.','Colonel','พันเอก'),('06','2','น.อ.','นาวาเอก','น.อ.','Capt.','Captain','นาวาเอก'),('06','3','น.อ.','นาวาอากาศเอก','น.อ.','Gp.Capt.','Group Captain','นาวาอากาศเอก'),('07','1','พ.ท.','พันโท','พ.ท.','Lt.Col.','Lieutenant Colonel','พันโท'),('07','2','น.ท.','นาวาโท','น.ท.','Cdr.','Commander','นาวาโท'),('07','3','น.ท.','นาวาอากาศโท','น.ท.','Wg.Cdr.','Wing Commander','นาวาอากาศโท'),('08','1','พ.ต.','พันตรี','พ.ต.','Maj.','Major','พันตรี'),('08','2','น.ต.','นาวาตรี','น.ต.','LCdr.','Lieutenant Commander','นาวาตรี'),('08','3','น.ต.','นาวาอากาศตรี','น.ต.','Sqn.Ldr.','Squadron Leader','นาวาอากาศตรี'),('09','1','ร.อ.','ร้อยเอก','ร.อ.','Capt.','Captain','ร้อยเอก'),('09','2','ร.อ.','เรือเอก','ร.อ.','Lt.','Lieutenant','เรือเอก'),('09','3','ร.อ.','เรืออากาศเอก','ร.อ.','Flt.Lt.','Flight Lieutenant','เรืออากาศเอก'),('10','1','ร.ท.','ร้อยโท','ร.ท.','1st Lt.','First Lieutenant','ร้อยโท'),('10','2','ร.ท.','เรือโท','ร.ท.','Lt.JG.','Lieutenant Junior Grade','เรือโท'),('10','3','ร.ท.','เรืออากาศโท','ร.ท.','Flg.Off.','Flying Officer','เรืออากาศโท'),('11','1','ร.ต.','ร้อยตรี','ร.ต.','2nd Lt.','Second Lieutenant','ร้อยตรี'),('11','2','ร.ต.','เรือตรี','ร.ต.','Sub.Lt.','Sub Lieutenant','เรือตรี'),('11','3','ร.ต.','เรืออากาศตรี','ร.ต.','Plt.Off.','Pilot Officer','เรืออากาศตรี'),('19','0','พน.','ข้าราชการกลาโหมพลเรือน','พน.',NULL,NULL,'ข้าราชการกลาโหมพลเรือน'),('21','1','จ.ส.อ.พ.','จ่าสิบเอกพิเศษ','จ.ส.อ.','SM1','Sergeant Major 1st Class','จ่าสิบเอก'),('21','2','พ.จ.อ.พ.','พันจ่าเอกพิเศษ','พ.จ.อ.','CPO1','Chief Petty Officer 1st Class','พันจ่าเอก'),('21','3','พ.อ.อ.พ.','พันจ่าอากาศเอกพิเศษ','พ.อ.อ.','FS1','Flight Sergeant 1st Class','พันจ่าอากาศเอก'),('22','1','จ.ส.อ.','จ่าสิบเอก','จ.ส.อ.','SM1','Sergeant Major 1st Class','จ่าสิบเอก'),('22','2','พ.จ.อ.','พันจ่าเอก','พ.จ.อ.','CPO1','Chief Petty Officer 1st Class','พันจ่าเอก'),('22','3','พ.อ.อ.','พันจ่าอากาศเอก','พ.อ.อ.','FS1','Flight Sergeant 1st Class','พันจ่าอากาศเอก'),('23','1','จ.ส.ท.','จ่าสิบโท','จ.ส.ท.','SM2','Sergeant Major 2nd Class','จ่าสิบโท'),('23','2','พ.จ.ท.','พันจ่าโท','พ.จ.ท.','CPO2','Chief Petty Officer 2nd Class','พันจ่าโท'),('23','3','พ.อ.ท.','พันจ่าอากาศโท','พ.อ.ท.','FS2','Flight Sergeant 2nd Class','พันจ่าอากาศโท'),('24','1','จ.ส.ต.','จ่าสิบตรี','จ.ส.ต.','SM3','Sergeant Major 3rd Class','จ่าสิบตรี'),('24','2','พ.จ.ต.','พันจ่าตรี','พ.จ.ต.','CPO3','Chief Petty Officer 3rd Class','พันจ่าตรี'),('24','3','พ.อ.ต.','พันจ่าอากาศตรี','พ.อ.ต.','FS3','Flight Sergeant 3rd Class','พันจ่าอากาศตรี'),('25','1','ส.อ.','สิบเอก','ส.อ.','Sgt.','Sergeant','สิบเอก'),('25','2','จ.อ.','จ่าเอก','จ.อ.','PO1','Petty Officer 1st Class','จ่าเอก'),('25','3','จ.อ.','จ่าอากาศเอก','จ.อ.','Sgt.','Sergeant','จ่าอากาศเอก'),('26','1','ส.ท.','สิบโท','ส.ท.','Cpl.','Corporal','สิบโท'),('26','2','จ.ท.','จ่าโท','จ.ท.','PO2','Petty Officer 2nd Class','จ่าโท'),('26','3','จ.ท.','จ่าอากาศโท','จ.ท.','Cpl.','Corporal','จ่าอากาศโท'),('27','1','ส.ต.','สิบตรี','ส.ต.','Pfc.','Private 1st Class','สิบตรี'),('27','2','จ.ต.','จ่าตรี','จ.ต.','PO3','Petty Officer 3rd Class','จ่าตรี'),('27','3','จ.ต.','จ่าอากาศตรี','จ.ต.','LAC','Leading Aircraftman','จ่าอากาศตรี'),('29','0','พน.','ข้าราชการกลาโหมพลเรือน','พน.',NULL,NULL,'ข้าราชการกลาโหมพลเรือน'),('31','0','พลอาสาฯ','พลอาสาสมัคร','พลอาสาฯ',NULL,NULL,'พลอาสาสมัคร'),('32','0','พลฯ','พลทหาร','พลฯ',NULL,NULL,'พลทหาร'),('50','0','ลูกจ้างประจำชั้นสัญญาบัตร','ลูกจ้างประจำชั้นสัญญาบัตร','ลูกจ้างประจำชั้นสัญญาบัตร',NULL,NULL,'ลูกจ้างประจำชั้นสัญญาบัตร'),('51','0','ลูกจ้างประจำชั้นประทวน','ลูกจ้างประจำชั้นประทวน','ลูกจ้างประจำชั้นประทวน',NULL,NULL,'ลูกจ้างประจำชั้นประทวน'),('60','0','ลูกจ้างชั่วคราว','ลูกจ้างชั่วคราวชั้นสัญญาบัตร','ลูกจ้างชั่วคราว',NULL,NULL,'ลูกจ้างชั่วคราวชั้นสัญญาบัตร'),('61','0','ลูกจ้างชั่วคราว','ลูกจ้างชั่วคราวชั้นประทวน','ลูกจ้างชั่วคราว',NULL,NULL,'ลูกจ้างชั่วคราวชั้นประทวน'),('71','0','พนักงานราชการ','พนักงานราชการ',NULL,NULL,NULL,'พนักงานราชการ'),('72','0','พนักงานราชการ','พนักงานราชการ',NULL,NULL,NULL,'พนักงานราชการ'),('73','0','พนักงานราชการ','พนักงานราชการ',NULL,NULL,NULL,'พนักงานราชการ'),('74','0','พนักงานราชการ','พนักงานราชการ',NULL,NULL,NULL,'พนักงานราชการ'),('75','0','พนักงานราชการ','พนักงานราชการ',NULL,NULL,NULL,'พนักงานราชการ'),('81','0','พนักงานราชการ','พนักงานราชการ',NULL,NULL,NULL,'พนักงานราชการ'),('31','1','พล.อส.','พลอาสา','พล.อส.',NULL,NULL,'สิบตรี'),('19','1','พน.','ข้าราชการกลาโหมพลเรือน','พน.','ข้าราชการกลาโหมพลเรือน',NULL,NULL),('19','2','พน.','ข้าราชการกลาโหมพลเรือน','พน.','ข้าราชการกลาโหมพลเรือน',NULL,NULL),('19','3','พน.','ข้าราชการกลาโหมพลเรือน','พน.','ข้าราชการกลาโหมพลเรือน',NULL,NULL),('29','1','พน.','ข้าราชการกลาโหมพลเรือน','พน.','ข้าราชการกลาโหมพลเรือน',NULL,NULL),('29','2','พน.','ข้าราชการกลาโหมพลเรือน','พน.','ข้าราชการกลาโหมพลเรือน',NULL,NULL),('29','3','พน.','ข้าราชการกลาโหมพลเรือน','พน.','ข้าราชการกลาโหมพลเรือน',NULL,NULL),('99','0','พนักงานราชการ (นอกกรอบ)','พนักงานราชการ (นอกกรอบ)',NULL,NULL,NULL,'พนักงานราชการ (นอกกรอบ)');

#
# Structure for table "pic_little"
#

DROP TABLE IF EXISTS `pic_little`;
CREATE TABLE `pic_little` (
  `Id` int(11) NOT NULL AUTO_INCREMENT,
  `name` varchar(255) DEFAULT NULL,
  `pic_code` int(3) NOT NULL DEFAULT '0',
  PRIMARY KEY (`Id`)
) ENGINE=InnoDB AUTO_INCREMENT=34 DEFAULT CHARSET=utf8;

#
# Data for table "pic_little"
#

INSERT INTO `pic_little` VALUES (1,'ไมโครเวฟ TOSHIBA 40 ลิตร',12),(2,'พัดลมปรับระดับ 18 นิ้ว',13),(3,'เครื่องดูดฝุ่น (ตัวเล็ก)',14),(4,'พัดลม HATARI 18 นิ้ว',15),(5,'เตาอบ ยี่ห้อ SHARP',28),(6,'หม้อสุกี้ ปิ้งย่าง',16),(7,'หม้ออบลมร้อน SHARP ฝาแก้ว',17),(8,'เครื่องปั่น SHARP',18),(9,'เครื่องปิ้งขนมปัง SHARP',19),(10,'เครื่องทำแซนวิส SHARP',20),(11,'เตาแก๊สหัวเดียว',21),(12,'พัดลม Prevall 16 นิ้ว',22),(13,'เตารีดไอน้ำ TEFAL',23),(14,'หม้อหุงข้าว SMART HOME',24),(15,'กระติกน้ำร้อน SHARP',25),(16,'โต๊ะรีดผ้า',26),(17,'ผ้าปูที่นอน',29),(18,'ลำโพงบลูทูธ',30),(19,'หูฟังบลูทูธ',31),(20,'กระเป๋ารถเข็นแม่ลูก',32),(21,'กระเป๋าเดินทางไฟเบอร์ ขนาด 24 นิ้ว',33),(22,'กระเป๋าเดินทางไฟเบอร์ ขนาด 20 นิ้ว',34),(23,'กระเป๋าสะพายแบบเป้',36),(24,'กระเป๋าเดินทางผ้า ขนาด 25 นิ้ว',37),(25,'กระเป๋าเดินทางผ้า ขนาด 21 นิ้ว',38),(26,'กระเป๋าเดินทางหนังสีดำ',40),(27,'กระเป๋าแบบเป้มีล้อ มีคันชัก',39),(28,'เพาเวอร์แบงค์',41),(29,'กระทะไฟฟ้า International',42),(30,'หม้อหุงข้าวไฟฟ้า',43),(31,'หม้อทอดไร้น้ำมัน',8),(32,'เครื่องปั่นสมูทตี้ SHARP',44),(33,'กระเช้าของขวัญ',45);

#
# Structure for table "pic_pickaward"
#

DROP TABLE IF EXISTS `pic_pickaward`;
CREATE TABLE `pic_pickaward` (
  `Id` int(11) NOT NULL AUTO_INCREMENT,
  `name` varchar(255) DEFAULT NULL,
  `pic_code` int(2) DEFAULT '0',
  PRIMARY KEY (`Id`)
) ENGINE=InnoDB AUTO_INCREMENT=13 DEFAULT CHARSET=utf8;

#
# Data for table "pic_pickaward"
#

INSERT INTO `pic_pickaward` VALUES (1,'เครื่องทำน้ำอุ่น ยี่ห้อ SHARP',1),(2,'เครื่องดูดฝุ่น',2),(3,'เครื่องฟอกอากาศ',3),(4,'จักรยาน',4),(5,'เครื่องซักผ้า ยี่ห้อ TOSHIBA ',5),(6,'ตู้เย็นขนาด 6 คิว',6),(7,'ทีวี SUMSUNG 40 นิ้ว',7),(8,'ทีวี TOSHIBA  40 นิ้ว',8),(9,'ทีวี TOSHIBA  49 นิ้ว',9),(10,'โทรศัพท์มือถือ SAMSUNG A10S',10),(11,'สร้อยคอทองคำ 25 สตางค์',11),(12,'สร้อยคอทองคำ 50 สตางค์',12);

#
# Structure for table "picture"
#

DROP TABLE IF EXISTS `picture`;
CREATE TABLE `picture` (
  `Id` int(11) NOT NULL AUTO_INCREMENT,
  `ptype` varchar(100) NOT NULL DEFAULT '',
  `ftype` varchar(50) NOT NULL DEFAULT '',
  `fname` varchar(255) DEFAULT NULL,
  `pname` varchar(255) NOT NULL DEFAULT '',
  `status` int(1) NOT NULL DEFAULT '0',
  PRIMARY KEY (`Id`)
) ENGINE=InnoDB AUTO_INCREMENT=42 DEFAULT CHARSET=utf8;

#
# Data for table "picture"
#

INSERT INTO `picture` VALUES (1,'main','jpg','slot','หน้าหลัก',0),(4,'main','jpg','bg','หน้าหลัก',1),(31,'award','gif','1548745531','ไมโครเวฟ',0),(32,'award','gif','1548745575','จักรยาน TRINX',0),(33,'award','gif','1548745610','เครื่องซักผ้า',0),(34,'award','gif','1548745669','แท็บเล็ต (Huawei T3 10\")',0),(35,'award','gif','1548746249','โทรศัพท์ (Samsung A7)',0),(36,'award','gif','1548746278','ตู้เย็น 6.5 คิว',0),(37,'award','gif','1548746319','ทองคำหนัก 2 สลึง',0),(38,'award','gif','1548746334','ทองคำหนัก 1 บาท',1),(39,'award','gif','1548746383','ทีวี 40 นิ้ว (Samsung)',0),(40,'award','gif','1549008100','ทีวี พลาสม่า 32 นิ้ว',0),(41,'award','gif','1549008135','ทีวี พลาสม่า 32 นิ้ว',0);

#
# Structure for table "rpb"
#

DROP TABLE IF EXISTS `rpb`;
CREATE TABLE `rpb` (
  `Id` int(11) NOT NULL AUTO_INCREMENT,
  PRIMARY KEY (`Id`)
) ENGINE=InnoDB DEFAULT CHARSET=utf8;

#
# Data for table "rpb"
#


#
# Structure for table "sheet1"
#

DROP TABLE IF EXISTS `sheet1`;
CREATE TABLE `sheet1` (
  `a` double DEFAULT NULL,
  `b` varchar(255) DEFAULT NULL,
  `c` varchar(255) DEFAULT NULL,
  `d` varchar(255) DEFAULT NULL,
  `e` double DEFAULT NULL,
  `F6` varchar(255) DEFAULT NULL
) ENGINE=InnoDB DEFAULT CHARSET=utf8;

#
# Data for table "sheet1"
#

INSERT INTO `sheet1` VALUES (1,'พล.ท.กฤช','ปี่ทอง','หน.ฝสน.ศบท.',1222400962,NULL),(2,'พล.ต.นันทภพ','วรมิศร์','รอง หน.ฝสน.ศบท.',1223307235,NULL),(3,'พล.ต.อรรถนพ','ลาภชุมศรี','รอง หน.ฝสน.ศบท.',1263316487,NULL),(1,'พ.อ.สรัณไชย','ผลากุล','หน.สขส.ฝสน.ศบท.',1333315891,NULL),(2,'น.อ.สรกฤช','สุ่มมาตย์','หน.สธก.ฝสน.ศบท.',3353300374,NULL),(3,'พ.อ.ศุภชัย','เทพสงวน','หน.สพธ.ฝสน.ศบท.',1355001280,NULL),(4,'พ.อ.สุทัศน์','มานะกิจ','หน.สจห.ฝสน.ศบท.',1294001612,NULL),(5,'พ.อ.สุทธิชัย','คำพิมพ์','นายทหารยานยนต์ สขส.ฝสน.ศบท.',1336900452,NULL),(6,'น.อ.หญิง สุชาดา','ทองสุข ร.น.','นปก.ประจำ ยบ.ทหาร',5311111108,NULL),(7,'น.อ.เขมชาต','พิทักษ์ธรรม ร.น.','หน.สคล.ฝสน.ศบท.',2355601226,NULL),(8,'น.อ.หญิง อาภา','แก้วกระมล ร.น.','ประจำ สพธ.ฝสน.ศบท.',5371040711,NULL),(9,'พ.ท.สรชาติ','ดำเกลี้ยง','หน.สารบรรณ กกล.ยบ.ทหาร',1330200199,NULL),(10,'น.ท.หญิง อรษา','โสดาวิชิต','หน.บริการ กพธ.ยบ.ทหาร',5401070812,NULL),(11,'พ.ท.หญิง ช่อทิพย์','วรรณมาศ','ประจำ สพธ.ฝสน.ศบท.',5461041220,NULL),(12,'ร.อ.ศุภกิจ','รัศมีโรจน์','ประจำ สคล.ฝสน.ศบท.',1322402385,NULL),(13,'ร.อ.จารุกิตติ์','วงษ์ไล ร.น.','ประจำแผนกสูทกรรม กพธ.ยบ.ทหาร',2286000619,NULL),(14,'ร.ท.โอภาส','วาตะยัง ร.น.','ประจำ แผนกสูทกรรม กพธ.ยบ.ทหาร',2305900199,NULL),(15,'ร.ท.กฤษดา','มณีรัตน์','ประจำ สธก.ฝสน.ศบท.',1413311756,NULL),(16,'ร.ท.หญิง พุทธชาดิ','เปลี่ยนชุ่ม','ประจำ สคล.ฝสน.ศบท.',5391151115,NULL),(17,'ร.ท.หญิง จารุรัตน์','ทรัพย์เกรียงไกร','ประจำ กพธ.ยบ.ทหาร',5391060917,NULL),(18,'ร.ท.นิรันดร์','บุญศรี ร.น.','ประจำแผนก บริการ กพธ.ยบ.ทหาร',2380400001,NULL),(19,'ร.ต.บุญมี','ปานบ้านแพ้ว ร.น.','ประจำแผนก บริการ กพธ.ยบ.ทหาร',2286000420,NULL),(20,'ร.ต.จำลอง','ชัยสายัณห์ ร.น.','ประจำ แผนกสูทกรรม กพธ.ยบ.ทหาร',2305800196,NULL),(21,'ร.ต.เอกชาต','ช่วยชุ่ม ร.น.','นายทหารขนส่ง สขส.ฝสน.ศบท.',2383900071,NULL),(22,'จ.ส.อ.เอกรินทร์','จิตตประเสริฐ','เจ้าหน้าที่ยานยนต์ สขส.ฝสน.ศบท.',1333313246,NULL),(23,'จ.ส.อ.ฉัตรทอง','กุลฑล','เจ้าหน้าที่ยานยนต์ สขส.ฝสน.ศบท.',1293310729,NULL),(24,'จ.ส.อ.ธนิก','จาดใจดี','พลขับรถ สขส.ฝสน.ศบท.',1436400368,NULL),(25,'จ.ส.อ.รุ่งโรจน์','จำปาโชติ','พลขับรถ สขส.ฝสน.ศบท.',1374901996,NULL),(26,'จ.ส.อ.นาวิน','นาอุดม','พลขับรถ สขส.ฝสน.ศบท.',1323319760,NULL),(27,'จ.ส.อ.วิรัช','กรัดกระยาง','เจ้าหน้าที่พลาธิการ สพธ.ฝสน.ศบท.',1365001603,NULL),(28,'จ.ส.อ.วิสันต์','ระยับศรี','เจ้าหน้าที่พลาธิการ สพธ.ฝสน.ศบท.',1443302578,NULL),(29,'จ.ส.อ.ปรีชา','วงษ์สัมฤทธิ์','จนท. รับ - ส่ง สธก.ฝสน.ศบท.',1510504013,NULL),(30,'จ.ส.อ.อภิชาต','เกียรติอำไพ','พลขับรถ สขส.ฝสน.ศบท.',1403302302,NULL),(31,'จ.ส.อ.หญิง บุบผา','บางกระ','เจ้าหน้าที่พลาธิการ สพธ.ฝสน.ศบท.',5471271011,NULL),(32,'พ.จ.อ.ราชัน','จำปาศรี','เจ้าหน้าที่พลาธิการ สพธ.ฝสน.ศบท.',2325801308,NULL),(33,'พ.จ.อ.หญิง สุธาทิพย์','มิ่งประเสริฐ','เจ้าหน้าที่พลาธิการ สพธ.ฝสน.ศบท.',7491050160,NULL),(34,'พ.จ.อ.หญิง ภัณฑิรา','ฮวดสกุล','เจ้าหน้าที่จัดหา สจห.ฝสน.ศบท.',5371120109,NULL),(35,'พ.อ.อ.มานะศักดิ์','ห้วยกัญจน์','พลขับรถ สขส.ฝสน.ศบท.',3403300146,NULL),(36,'พ.อ.อ.ดนุพล','อ่อนละมูล','ช่างยานยนต์ สขส.ฝสน.ศบท.',3513301034,NULL),(37,'พ.อ.อ.ธนพล','ไกรสวัสดิ์','พลขับรถ สขส.ฝสน.ศบท.',1413308194,NULL),(38,'พ.อ.อ.หญิง สมคิด','สีดี','เจ้าหน้าที่จัดหา สจห.ฝสน.ศบท.',5371070408,NULL),(39,'พ.อ.อ.หญิง ดรุณี','เทียนเจริญ','เจ้าหน้าที่คลัง สคล.ฝสน.ศบท.',8491050520,NULL),(40,'พ.อ.อ.หญิง ปนัสยา','วิไลนุช','เจ้าหน้าที่จัดหา สจห.ฝสน.ศบท.',8531050275,NULL),(41,'พ.อ.อ.หญิง ไพฑูรย์','ปานบ้านแพ้ว','เจ้าหน้าที่พลาธิการ สพธ.ฝสน.ศบท.',5481050113,NULL),(42,'จ.ส.ท.หญิง ภรภัทร','วิกรมาภรณ์','เสมียน สธก.ฝสน.ศบท.',6511050237,NULL),(43,'จ.ส.ท.หญิง นงนุช','มีเงิน','เจ้าหน้าที่พลาธิการ สพธ.ฝสน.ศบท.',6511050910,NULL),(44,'พ.จ.ท.วิทวัส','กิตติเสนา','พลขับรถ สขส.ฝสน.ศบท.',1442401039,NULL),(45,'จ.ส.ต.พิทักษ์เกียรติ','เพ็งพรหม','เจ้าหน้าที่พลาธิการ สพธ.ฝสน.ศบท.',1496800972,NULL),(46,'ส.อ.มนตรี','ประดิษฐ์สุวรรณ','ประจำ สบช.ฝสน.ศบท.',1433304316,NULL),(47,'จ.ส.ต.กฤตพงศ์','เมฆรัตน์','ประจำ สบช.ฝสน.ศบท.',3503300540,NULL),(48,'ส.อ.ดนุพล','ศิริธร','เจ้าหน้าที่พลาธิการ สพธ.ฝสน.ศบท.',2526600291,NULL),(49,'ส.อ.ณภัทร','เย็นใจ','เจ้าหน้าที่พลาธิการ สพธ.ฝสน.ศบท.',1476200012,NULL),(50,'ส.อ.กิตติศักดิ์','ไชโย','ช่างยานยนต์ สขส.ฝสน.ศบท.',1503312364,NULL),(51,'ส.อ.ปรัชญา','ฮามไธสง','พลขับรถ สขส.ฝสน.ศบท.',3432100202,NULL),(52,'ส.อ.สุเมธ','ศรีสังข์','เจ้าหน้าที่คลัง สคล.ฝสน.ศบท.',1613314877,NULL),(53,'ส.อ.ธงชัย','ธาระหาญ','เจ้าหน้าที่พลาธิการ สพธ.ฝสน.ศบท.',1532400022,NULL),(54,'ส.อ.สรศักดิ์','สุวรรณ์สุข','เจ้าหน้าที่คลัง สคล.ฝสน.ศบท.',1483410819,NULL),(55,'ส.อ.ทศพร','ปานเหม','พลขับรถ แผนกบริการขนส่ง กขส.ยบ.ทหาร',1542400696,NULL),(56,'ส.อ.ธเนศ','บุญสิน','ช่างเครื่องยนต์ กซบ.ยบ.ทหาร',2532800141,NULL),(57,'ส.อ.หญิง ลักษณา','ไกรสวัสดิ์','เจ้าหน้าที่พลาธิการ สพธ.ฝสน.ศบท.',6561051134,NULL),(58,'ส.อ.หญิง ปัทมา','บุญแทน','เสมียน สขส.ฝสน.ศบท.',6541051024,NULL),(59,'ส.อ.หญิง วรรณา','โฉมวงษ์','เจ้าหน้าที่พลาธิการ สพธ.ฝสน.ศบท.',6561051133,NULL),(60,'ส.อ.หญิง ดนิตา','โพธิ์ศรี','เสมียน สธก.ฝสน.ศบท.',6581051112,NULL),(61,'ส.อ.หญิง หนึ่งฤทัย','ไชยมี','เสมียน สธก.ฝสน.ศบท.',6561070002,NULL),(62,'ส.อ.หญิง ศกุนิชญ์','บัวพา','จนท. รับ - ส่ง สธก.ฝสน.ศบท.',6571051041,NULL),(63,'ส.อ.หญิง สุจิตตรา','กมลตรี','เจ้าหน้าที่พลาธิการ สพธ.ฝสน.ศบท.',6561051131,NULL),(64,'ส.อ.หญิง วันวิสา','นันทปรีชา','เจ้าหน้าที่พลาธิการ สพธ.ฝสน.ศบท.',6561051137,NULL),(65,'ส.ท.ฐณวัฒน์','ช่วงสว่าง','พลขับรถ สขส.ฝสน.ศบท.',1583308579,NULL),(66,'ส.ท.ธีรศักดิ์','พละเลิศ','พลขับรถ สขส.ฝสน.ศบท.',1554301075,NULL),(67,'ส.ท.นัฐพงศ์','กาชาว','พลขับรถ สขส.ฝสน.ศบท.',1525300301,NULL),(68,'ส.ท.สิทธิพัศ','เนตรสำริต','เจ้าหน้าที่พลาธิการ สพธ.ฝสน.ศบท.',1573311121,NULL),(69,'ส.ท.หญิง อัญชลี','ฐานวิเศษ','เสมียน สธก.ฝสน.ศบท.',6571051043,NULL),(70,'ส.ท.หญิง เกวรา','โคกตรัง','เจ้าหน้าที่พลาธิการ สพธ.ฝสน.ศบท.',6581050944,NULL),(71,'ส.ท.หญิง นิชานันท์','บัวเล็ก','เจ้าหน้าที่จัดหา สจห.ฝสน.ศบท.',6611050372,NULL),(72,'ส.ท.หญิง สุรีญา','ศรียางนอก','เสมียน สธก.ฝสน.ศบท.',6611050552,NULL),(73,'ส.ท.หญิง ทิพวรรณ','เอี่ยมพ่อค้า','เจ้าหน้าที่พลาธิการ สพธ.ฝสน.ศบท.',6611051338,NULL),(74,'ส.ท.หญิง ยุคนธร','ชินะปัญญารัตน์','จนท.คลัง แผนกคลัง กคล.ยบ.ทหาร',6611051336,NULL),(75,'ส.ท.หญิง ปริศนา','มาตปันเทา','จนท.สูทกรรมแผนกสูทกรรม กพธ.ยบ.ทหาร',6611051298,NULL),(76,'ส.ท.หญิง อรุณี','มีไธสงค์','จนท.เลี้ยง แผนกบริการ กพธ.ยบ.ทหาร',6581050948,NULL),(77,'ส.ต.หญิง ทับทิม','แสงสะโส','ประจำ สบช.ฝสน.ศบท.',6601050958,NULL),(78,'ส.ต.หญิง อรพรรณ','เฉยฉิว','เสมียน สขส.ฝสน.ศบท.',6611050550,NULL),(79,'ส.ต.หญิง รวิ','ศรีสังข์','ประจำ สบช.ฝสน.ศบท.',6611050553,NULL),(80,'ส.ต.หญิง ขนิษฐา','ศรีคเรศ','จนท.เลี้ยง แผนกบริการ กพธ.ยบ.ทหาร',6611050140,NULL),(81,'ส.ต.หญิง เกวรินทร์','กิจคะวงศ์','จนท.เลี้ยง แผนกบริการ กพธ.ยบ.ทหาร',6611051339,NULL),(82,'ส.ต.หญิง นัยนา','จ่างอ่อน','จนท.ทะเบียนยานพาหนะ แผนกทะเบียนและยานพาหนะ กขส.ยบ.ทหาร',6611051333,NULL),(83,'จ.ต.หญิง ศิริรัตน์','แย้มยุคลธร','จนท.เลี้ยง แผนกบริการ กพธ.ยบ.ทหาร',8611050452,NULL),(84,'ส.ต.หญิง ศิริลักษณ์','สีทอง','จนท.สูทกรรมแผนกสูทกรรม กพธ.ยบ.ทหาร',6611051340,NULL),(85,'ส.ต.หญิง อรวรรณ','แฉล้มขันธ์','จนท.คลัง แผนกคลัง กคล.ยบ.ทหาร',6611051330,NULL),(86,'ส.ต.หญิง ปวิณา','เถาว์สร','จนท.สูทกรรมแผนกสูทกรรม กพธ.ยบ.ทหาร',6611051331,NULL),(87,'ส.ต.หญิง วัชรี','วงษ์ใหญ่','จนท.เลี้ยง แผนกบริการ กพธ.ยบ.ทหาร',6611051329,NULL),(88,'จ.ต.หญิง อภิญญา','อดทน','จนท.เลี้ยง แผนกบริการ กพธ.ยบ.ทหาร',7601050957,NULL),(89,'นาย อภิชิต','วัยคุณา','เจ้าหน้าที่สนับสนุน สธก.ฝสน.ศบท.',5457070916,NULL),(90,'นาย สุรพันธ์','สุริพันธ์','เจ้าหน้าที่สนับสนุน สธก.ฝสน.ศบท.',5367010807,NULL),(91,'นาง น้ำเต้า','ดวงพรหม','เจ้าหน้าที่สนับสนุน สธก.ฝสน.ศบท.',6537050889,NULL),(92,'นางสาวประภาพร','ใครบุตร','เจ้าหน้าที่สนับสนุน สธก.ฝสน.ศบท.',6577050061,NULL),(93,'นาสาว อรุณณี','อุ่นแพทน์','เจ้าหน้าที่สนับสนุน สธก.ฝสน.ศบท.',6527050061,NULL),(94,'นาย เทิดศักดิ์','ปิ่นประดับ','เจ้าหน้าที่สนับสนุน สธก.ฝสน.ศบท.',5427241115,NULL),(95,'นางสาว กันยากร','สินเจริญ','เจ้าหน้าที่สนับสนุน สธก.ฝสน.ศบท.',5387081015,NULL),(96,'นาย วัชรวิศว์','แซ่อึ้ง','เจ้าหน้าที่สนับสนุน สธก.ฝสน.ศบท.',6627051173,NULL),(97,'นาย กาญจนฤทธิ์','ดวงจินดา','เจ้าหน้าที่สนับสนุน สธก.ฝสน.ศบท.',6597050194,NULL),(98,'นาย ไกรวี','วิวัฒน์','เจ้าหน้าที่สนับสนุน สธก.ฝสน.ศบท.',6597050193,NULL),(99,'นาย ยุทธพงษ์','สิทธิจันทร์','เจ้าหน้าที่สนับสนุน สธก.ฝสน.ศบท.',6597050192,NULL),(100,'นางสาว โยธกา','แร่กุล','เจ้าหน้าที่สนับสนุน สธก.ฝสน.ศบท.',6577050054,NULL),(101,'นางสาว วลัญชล','คชชา','พนักงานบริการ ยบ.ทหาร',6627051162,NULL),(102,'นางสาว ภานุชนารถ','แย้มยุคลธร','พนักงานบริการ ยบ.ทหาร',6627051166,NULL),(103,'นางสาว จรรกมล','โฉมวงษ์','พนักงานบริการ ยบ.ทหาร',6607050039,NULL),(104,'นางสาว นฤมล','อะโนรี','พนักงานบริการ ยบ.ทหาร',6627051169,NULL),(105,'นางสาว กฤดา','ฮันตาแว','พนักงานบริการ ยบ.ทหาร',6627051170,NULL),(106,'นาย อิศรา','กู้ทรัพย์','พนักงานบริการ ยบ.ทหาร',6627051172,NULL),(107,'นาย พิสิทธิ์','ศรนรินทร์','พนักงานบริการ ยบ.ทหาร',6567051161,NULL),(108,'นาย พิทวัส','บรรจุสุข','พนักงานบริการ ยบ.ทหาร',2553300223,NULL),(109,'นาย อนุชา','เอี่ยมวิทย์','เจ้าหน้าที่สนับสนุน สธก.ฝสน.ศบท.',5367270613,NULL),(110,'นาย บุญชู','รอดนำพา','เจ้าหน้าที่สนับสนุน สธก.ฝสน.ศบท.',5255010305,NULL),(111,'นาย สง่า','ชื่นอารมณ์','เจ้าหน้าที่สนับสนุน สธก.ฝสน.ศบท.',5295141105,NULL),(112,'นาย ศรายุทธ','สินเจริญ','เจ้าหน้าที่สนับสนุน สธก.ฝสน.ศบท.',5355070604,NULL),(113,'นาย อุไทย','เงินลา','เจ้าหน้าที่สนับสนุน สธก.ฝสน.ศบท.',5355170903,NULL),(114,'นาย อานนท์','อิ่มเต็ม','เจ้าหน้าที่สนับสนุน สธก.ฝสน.ศบท.',5275101203,NULL),(115,'นาง รัชนีย์','เรือนช้าง','เจ้าหน้าที่สนับสนุน สธก.ฝสน.ศบท.',5375021205,NULL),(116,'นาง ปริญญา','นาคขุนทด','พนักงานบริการ ยบ.ทหาร',6627051168,NULL),(117,'พลอาสาฯ เจริญวิทย์','ศรีรอด','เจ้าหน้าที่สนับสนุน สธก.ฝสน.ศบท.',1503307206,NULL);

#
# Structure for table "super_person"
#

DROP TABLE IF EXISTS `super_person`;
CREATE TABLE `super_person` (
  `id` varchar(20) NOT NULL DEFAULT '',
  PRIMARY KEY (`id`)
) ENGINE=InnoDB DEFAULT CHARSET=utf8;

#
# Data for table "super_person"
#


#
# Structure for table "superaward_status"
#

DROP TABLE IF EXISTS `superaward_status`;
CREATE TABLE `superaward_status` (
  `number` int(2) NOT NULL AUTO_INCREMENT,
  `seq` double(6,3) DEFAULT '0.000',
  `name` varchar(200) NOT NULL,
  `type` int(1) NOT NULL DEFAULT '1',
  `sid` varchar(13) DEFAULT '0',
  `unit` varchar(100) DEFAULT '',
  `unit_id` int(3) DEFAULT NULL,
  `status` int(1) DEFAULT '0',
  `enable` int(1) NOT NULL DEFAULT '0',
  `comm` varchar(255) DEFAULT NULL,
  PRIMARY KEY (`number`)
) ENGINE=InnoDB AUTO_INCREMENT=11 DEFAULT CHARSET=utf8;

#
# Data for table "superaward_status"
#

INSERT INTO `superaward_status` VALUES (1,1.000,'รางวัลพิเศษ เงินสด 5,000 บาท',0,'6511050848',NULL,NULL,1,1,NULL),(2,2.000,'รางวัลพิเศษ เงินสด 5,000 บาท',0,'1443308651',NULL,NULL,1,1,NULL),(3,3.000,'รางวัลพิเศษ เงินสด 5,000 บาท',0,'1352901535',NULL,NULL,1,1,NULL),(4,4.000,'รางวัลพิเศษ เงินสด 5,000 บาท',0,'1532402133',NULL,NULL,1,1,NULL),(5,5.000,'รางวัลพิเศษ เงินสด 5,000 บาท',0,'8581050867',NULL,NULL,1,1,NULL),(6,6.000,'รางวัลพิเศษ เงินสด 5,000 บาท',0,'6591050103',NULL,NULL,1,1,NULL),(7,7.000,'รางวัลพิเศษ เงินสด 5,000 บาท',0,NULL,NULL,NULL,0,1,NULL),(8,8.000,'รางวัลพิเศษ เงินสด 5,000 บาท',0,NULL,NULL,NULL,0,1,NULL),(9,9.000,'รางวัลพิเศษ เงินสด 10,000 บาท',0,NULL,NULL,NULL,0,1,NULL),(10,10.000,'รางวัลพิเศษ เงินสด 10,000 บาท',0,NULL,NULL,NULL,0,1,NULL);

#
# Structure for table "superaward_unit"
#

DROP TABLE IF EXISTS `superaward_unit`;
CREATE TABLE `superaward_unit` (
  `unit_id` int(2) NOT NULL AUTO_INCREMENT,
  `name` varchar(255) NOT NULL,
  `status` int(1) DEFAULT '0',
  `type` int(1) DEFAULT '0',
  PRIMARY KEY (`unit_id`)
) ENGINE=InnoDB DEFAULT CHARSET=utf8;

#
# Data for table "superaward_unit"
#


#
# Structure for table "unit_class"
#

DROP TABLE IF EXISTS `unit_class`;
CREATE TABLE `unit_class` (
  `id` int(11) NOT NULL AUTO_INCREMENT,
  `unit` varchar(255) DEFAULT '',
  `c1a` int(3) NOT NULL DEFAULT '0',
  `c1b` int(3) NOT NULL DEFAULT '0',
  `c1c` int(3) NOT NULL DEFAULT '0',
  `c2a` int(3) NOT NULL DEFAULT '0',
  `c2b` int(3) NOT NULL DEFAULT '0',
  `c2c` int(3) NOT NULL DEFAULT '0',
  `c3a` int(3) NOT NULL DEFAULT '0',
  `c3b` int(3) NOT NULL DEFAULT '0',
  `c3c` int(3) NOT NULL DEFAULT '0',
  `g` int(2) DEFAULT '0',
  `status` int(1) NOT NULL DEFAULT '0',
  `random` int(1) NOT NULL DEFAULT '0',
  `show_status` int(2) NOT NULL DEFAULT '0',
  `showgroup` varchar(2) DEFAULT NULL,
  PRIMARY KEY (`id`)
) ENGINE=InnoDB AUTO_INCREMENT=21 DEFAULT CHARSET=utf8 ROW_FORMAT=COMPACT;

#
# Data for table "unit_class"
#

INSERT INTO `unit_class` VALUES (16,'ocg1',10,0,0,0,0,0,0,0,0,0,0,0,0,NULL),(17,'ocg2',0,8,0,0,0,0,0,0,0,0,0,0,0,NULL),(18,'ocg3',0,0,8,0,0,0,0,0,0,0,0,0,0,NULL),(19,'ocg4',0,0,0,18,0,0,0,0,0,0,0,0,0,NULL),(20,'ocg5',0,0,0,0,0,0,0,0,0,0,0,0,0,NULL);

#
# Function "f_random_person"
#

DROP FUNCTION IF EXISTS `f_random_person`;
CREATE FUNCTION `f_random_person`(VgiftID int) RETURNS varchar(11) CHARSET utf8
BEGIN

   declare buff_giftType Int; 
   declare gift_name    varchar(255); 
   declare person_get    varchar(50);   
   declare person_name    varchar(255);    
   declare buff_unit     varchar(50);  
   declare buff_unitId   int;


   SET     person_get := '0';
       --  get gift type

        select type, name 
          into buff_giftType, gift_name    
        from   gift_spacial        
        where  number = VgiftID;        





           if( buff_giftType <> 3)then
                --  Random unit from gift type
                select no,name  
                  into buff_unitId,buff_unit   
                from unit_spacial
                where status < 1
                and type = buff_giftType
                order by RAND() limit 1;

                      

                -- Random person for gift

                select id, name 
                  into person_get,person_name
                from   person     
                where  unit_case = buff_unit        
                 and   status = 0
        		order by RAND() limit 1;

                if(person_get = '0')  then              
                    select id, name 
                      into person_get,person_name
                    from   person     
                    where  status = 0
            		order by RAND() limit 1;                 
                end if;
        

                --  update   gift_spacial

                update gift_spacial        

                set        

                       sid    = person_get,

                       unit   = buff_unitId,

                       status = 1                    

                where  number = VgiftID;

                

                --  update   unit_spacial                                    

                update unit_spacial

                set

                      status = 1,

                      type   = buff_giftType

                where no     = buff_unitId; 

            else            

                set buff_unitId = null;                
                set buff_unit   = null;
                --  Big gift

                -- Random person for gift

                select id, name

                  into person_get,person_name

                from   person         

        		order by RAND() limit 1;        



                --  update   gift_spacial

                update gift_spacial        

                set        

                       sid    = person_get,

                       status = 1                    

                where  number = VgiftID;                



            end if;                 

 
         update 	gift_spacial
				set					enable = 1;

/*            LOG                   */

        insert into log_gift(DT_set,mode,desc_gift,from_pos)
        values(now(), 'radom', concat('รางวัลประเภท ',buff_giftType,' | รหัส ',VgiftID, ' ',gift_name,' | ผู้ได้รับ ',person_get, ' ',person_name ,' | หน่วย ', buff_unitId,' ',buff_unit), 'f_random_person เป็น function ใน db');        

/*            LOG                   */

        --  update person     can't update in store function   becuase use by another session

       /* 

        update person

        set

               status = 1

        where  id     = person_get;

        */



     RETURN  person_get;

END;

#
# Function "f_random_sub2"
#

DROP FUNCTION IF EXISTS `f_random_sub2`;
CREATE FUNCTION `f_random_sub2`(Vgid varchar(10)) RETURNS varchar(11) CHARSET utf8
BEGIN

     declare person_get varchar(11);    

             if(Vgid='all')then                

                select id               
                  into person_get
                from   person                
                where  status = 0               
                 and   id not in                 
                       (                       
                          select sid                          
                          from   gift_20                          
                          where  sid is not null
                       )
                order by RAND() limit 1;                   

             else             

                select id               
                  into person_get
                from   person                
                where  status = 0  
                 and   gid =  Vgid             
                 and   id not in                 
                       (                       
                          select sid                          
                          from   gift_20                          
                          where  sid is not null
                       )
                order by RAND() limit 1;  
                  
             end if;                            
/*

             if(Vgid='all')then   
                select id               
                  into person_get
                from 		person                
                where  status = 0  
                 and   gid =  Vgid             
                 and   id not in                 
                       (                       
                          select sid                          
                          from   gift_20                          
                          where  sid is not null
                       )
                order by RAND() limit 1;   
             else
                select id               
                  into person_get
                from 		person                
                where  status = 0  
                 and   gid =  Vgid             
                 and   id not in                 
                       (                       
                          select sid                          
                          from   gift_20                          
                          where  sid is not null
                       )
                order by RAND() limit 1;    
             end if;                
*/
 RETURN  person_get;
END;

#
# Function "hello"
#

DROP FUNCTION IF EXISTS `hello`;
CREATE FUNCTION `hello`() RETURNS char(50) CHARSET utf8
    DETERMINISTIC
BEGIN
    
     DECLARE SumA_unit int;
     DECLARE SumB_unit int;
     DECLARE SumC_unit int;
     DECLARE CountA_gift int;
     DECLARE CountB_gift int;
     DECLARE CountC_gift int;
     DECLARE CheckA_gift varchar(100);
     DECLARE A varchar(255);
   
      SELECT (SUM(`c1a`) + SUM(`c2a`) + SUM(`c3a`)) 
       INTO SumA_unit 
      FROM `unit_class`;
  
      SELECT (SUM(`c1b`) + SUM(`c2b`) + SUM(`c3b`)) 
        INTO SumB_unit 
      FROM `unit_class`;
  
      SELECT (SUM(`c1c`) + SUM(`c2c`) + SUM(`c3c`)) 
        INTO SumC_unit 
      FROM `unit_class`;
      
      SELECT COUNT(type)
        INTO CountA_gift
      FROM gift_little
      where type like '%A%';
      
      SELECT COUNT(type) as totle
        INTO CountB_gift
      FROM gift_little
      where type like '%B%';

      SELECT COUNT(type) as totle
         INTO CountC_gift
      FROM gift_little
      where type like '%C%';

      SET A = '';
   
      IF SumA_unit = CountA_gift 
      THEN 
       SET A = concat(A,':','0');
      ELSE 
        SET A = concat(A,':','1');
      END IF;
      
        IF SumB_unit = CountB_gift 
      THEN 
       SET A = concat(A,':','0');
      ELSE 
        SET A = concat(A,':','1');
      END IF;
      
      IF SumC_unit = CountC_gift 
      THEN 
       SET A = concat(A,':','0');
      ELSE 
        SET A = concat(A,':','1');
      END IF;
 
      RETURN A;
END;

#
# Function "test_f"
#

DROP FUNCTION IF EXISTS `test_f`;
CREATE FUNCTION `test_f`(Vin varchar(11)) RETURNS varchar(11) CHARSET utf8
BEGIN
   declare buff varchar(20); 
   SET buff = '';    

        select id into buff
        from person
		order by RAND() limit 1;
            
     RETURN  buff;
END;

#
# Procedure "c_spacial_gif"
#

DROP PROCEDURE IF EXISTS `c_spacial_gif`;
CREATE PROCEDURE `c_spacial_gif`()
BEGIN
          
    drop table bb_gift_spacial;        
    drop table bb_unit_spacial_mhee;

    create table bb_gift_spacial    
    as    
    select *    
    from gift_spacial;  
       
    create table bb_unit_spacial_mhee    
    as    
    select *    
    from unit_spacial_mhee;


    update gift_spacial
    set
       sid = null,
       unit = null,
       status = null;   

    update unit_spacial_mhee
    set 
        status = null,
        seq = null;
END;

#
# Procedure "del_special_gif"
#

DROP PROCEDURE IF EXISTS `del_special_gif`;
CREATE PROCEDURE `del_special_gif`(`Param` int(2))
BEGIN

     update gift_spacial     
     set     
        sid = null,
        unit = null,
        status = null        
     where number = Param;

    update unit_spacial_mhee     
    set 
        status = null,
        seq = null                
    where seq = Param;

END;

#
# Procedure "f_random_sub"
#

DROP PROCEDURE IF EXISTS `f_random_sub`;
CREATE PROCEDURE `f_random_sub`()
BEGIN
   declare buff,Cround   int;   
   DECLARE Vsid,Vunit,Qtarname varchar(200); 
   DECLARE Gid,Vround,Qtarnum int; 
                
   
   SET buff     = 0;    
   SET Vsid     = '0';   

       /*  set num of rand from table */
       select 	marg_val       
         into   Cround
       from	    control_page_state
       where 	marg_name = 'num_of_ran';
   
       select ifnull(max(round),0) + 1       
         into Vround         
       from   gift_20;
     
       REPEAT     	       

               select min(no),name       
                 into Qtarnum,Qtarname         
               from   unit_specail_sub
               where  status = 0;       
                       
       /* insert into log_gift(DT_set,mode,desc_gift,from_pos)
        values(now(), 'test', concat('Debug 1',Qtarnum,Qtarname), 'f_random_sub เป็น procudure ใน db'); */        

               update unit_specail_sub               
               set               
                      status = 1                      
               where  no = Qtarnum;

       /* insert into log_gift(DT_set,mode,desc_gift,from_pos)
        values(now(), 'test', concat('Debug 2 update unit_specail_sub'), 'f_random_sub เป็น procudure ใน db');  */         

                      select min(number)  
                       into  Gid                    
                      from   gift_20                      
                      where  status = 0;                     


       /* insert into log_gift(DT_set,mode,desc_gift,from_pos)
        values(now(), 'test', concat('Debug 3 Gid',Gid), 'f_random_sub เป็น procudure ใน db');  */         

                /* NULL from select */                

                select f_random_sub2(Qtarname),Qtarname                
                  into Vsid,Vunit;                  
                                
                if (Vsid='0') then                
                    select f_random_sub2('all'),'Ext'                
                      into Vsid,Vunit; 
                end if;
  /*   
                select id,gid                
                  into Vsid,Vunit
                from 		person                
                where  status = 0  
                 and   gid =  Qtarname             
                 and   id not in                 
                       (                       
                          select sid                          
                          from   gift_20                          
                          where  sid is not null
                       )
                order by RAND() limit 1;  
   */                     

       /* insert into log_gift(DT_set,mode,desc_gift,from_pos)
        values(now(), 'test', concat('Debug 4 random ',Vsid,Vunit), 'f_random_sub เป็น procudure ใน db');  */         
                               
                /* WORK*/
                update gift_20
                set    
                    sid  = Vsid,
                    unit = Vunit,
                    status = 1,                    
                    round = Vround
                where number = Gid;                


       /* insert into log_gift(DT_set,mode,desc_gift,from_pos)
        values(now(), 'test', concat('Debug 5 update ',Vsid,Vunit,Vround,Gid), 'f_random_sub เป็น procudure ใน db'); */          
                                
                /* NOT WORK*/
                update person
                set
                   status = 1
                where id =  Vsid;


       /* insert into log_gift(DT_set,mode,desc_gift,from_pos)
        values(now(), 'test', concat('Debug 6 update person ',Vsid), 'f_random_sub เป็น procudure ใน db');     */      

/*            LOG                   */
        insert into log_gift(DT_set,mode,desc_gift,from_pos)
        values(now(), 'radom', concat('รางวัล ย่อย 20 รางวัล ',' รอบที่',Vround,' ผู้ได้รับ ',Vsid,' หน่วย ',Vunit), 'f_random_sub เป็น procudure ใน db');        
/*            LOG                   */
                SET buff = buff + 1;  
       UNTIL buff >= Cround END REPEAT;
END;

#
# Procedure "f_random_total"
#

DROP PROCEDURE IF EXISTS `f_random_total`;
CREATE PROCEDURE `f_random_total`(Vnum int)
BEGIN

   declare buff   int;
    


                --  Random person limit Vnum

 							delete from gift100;
													
 															insert into gift100
                select id,name,unit_show,unit_case
                from 		person
                order by RAND() limit Vnum;



/*            LOG                   */

        insert into log_gift(DT_set,mode,desc_gift,from_pos)
        values(now(), 'radom', concat('รางวัล 100 คน ',' ทำเพื่อเตรียมทหารรุ่น 18'), 'f_random_total เป็น procudure ใน db');        

/*            LOG                   */


END;

#
# Procedure "p_cancel_person"
#

DROP PROCEDURE IF EXISTS `p_cancel_person`;
CREATE PROCEDURE `p_cancel_person`(Vid int)
BEGIN
     declare buff int;    
     declare gift_name varchar(255);  
     declare gift_num  int; 
     
     declare unit_name varchar(255);   
     
     declare person_name varchar(255);      


       select  unit, name, number  
         into  buff, gift_name, gift_num    
       from    gift_spacial       
       where   sid = Vid;              

       select  name       
         into  unit_name
       from unit_spacial       
       where no = buff;

       select  name    
         into  person_name  
       from    person       
       where  id = Vid;
/*-----------------------------------------*/
        --  clear gift
        update gift_spacial
        set
	       sid     = null,
           unit    = null,
           status  = 0
        where sid = Vid;    
                
        -- clear  state unit of unit_special
        update unit_spacial        
        set        
           status = 0           
        where  no = buff;        

/*            LOG                   */
        insert into log_gift(DT_set,mode,desc_gift,from_pos)
        values(now(), 'cancel_person', concat('สละสิทธิ์ของหน่วย ',buff,' ',unit_name,' | ',gift_name,' รหัสรางวัล ',gift_num,' | รหัสกำลังพลที ',Vid,' ',person_name), 'p_cancel_person เป็น function ใน db');    

/*            LOG                   */

END;

#
# Procedure "P_chk_little_status2"
#

DROP PROCEDURE IF EXISTS `P_chk_little_status2`;
CREATE PROCEDURE `P_chk_little_status2`(Vuint varchar(255))
BEGIN

  declare Vstatus int(2);
  
  select  status
    into  Vstatus
  from    unit_class
  where   unit = Vuint;
  
     update   unit_class
     set    
          random = 0;
   
  IF Vstatus = 0 THEN
    
    update unit_class
    set random = 1
    where unit = Vuint;
  ELSE 
     update unit_class
    set random = 2
    where unit = Vuint;
  END IF;
  
END;

#
# Procedure "P_chk_pick_award"
#

DROP PROCEDURE IF EXISTS `P_chk_pick_award`;
CREATE PROCEDURE `P_chk_pick_award`(Vuint varchar(255))
BEGIN

  declare Vstatus int(2);
  
  select  status
    into  Vstatus
  from    award_pick_number
  where   unit = Vuint;
  
     update   award_pick_number
     set    
          random = 0;
   
  IF Vstatus = 0 THEN
    
    update award_pick_number
    set random = 1
    where unit = Vuint;
  ELSE 
     update award_pick_number
    set random = 2
    where unit = Vuint;
  END IF;
  
END;

#
# Procedure "p_clear_gift20"
#

DROP PROCEDURE IF EXISTS `p_clear_gift20`;
CREATE PROCEDURE `p_clear_gift20`(gid int(2))
begin
   DECLARE pid   int;
   DECLARE pname varchar(200); 
   

/*SET pid   = 0; 
SET pname = 0; */

/*select person of gift*/
    select sid
      into pid
    from   gift_20
    where  number = gid;

/*select person name*/
    select name
      into pname
    from   person
    where  id = pid;

/*clear status gift*/
    update gift_20
    set     
            status = 0,
            unit = null,
            sid = null
    where   number = gid;
               
    insert into log_gift(DT_set,mode,desc_gift,from_pos)
    values(now(), 'clear gift_20', concat('cancel gift id ',gid,' of person name (',')',pid,' ',pname), 'p_clear_gift20 เป็น procudure ใน db'); 
end;

#
# Procedure "p_giftnext"
#

DROP PROCEDURE IF EXISTS `p_giftnext`;
CREATE PROCEDURE `p_giftnext`(Vgift int)
BEGIN
        -- clear state 
        update 	gift_spacial
				set					enable = 0;
				
        update 	gift_spacial
				set					enable = 1
				where			number = Vgift;

/*            LOG                   */

        insert into log_gift(DT_set,mode,desc_gift,from_pos)
        values(now(), 'Next Gift', concat('เลือกรางวัลถัดไป ID ที่ ',Vgift,' ชื่อ ',(select name from gift_spacial where number = Vgift)), 'p_giftnext เป็น procedure ใน db');        

/*            LOG                   */                                    


END;

#
# Procedure "p_init"
#

DROP PROCEDURE IF EXISTS `p_init`;
CREATE PROCEDURE `p_init`()
BEGIN
          
        update control_page_state
        set
	       status = 1
				 where marg_name <> 'REFRESH';                  

END;

#
# Procedure "p_init_data"
#

DROP PROCEDURE IF EXISTS `p_init_data`;
CREATE PROCEDURE `p_init_data`()
begin

/**********************           New 2018 ******************************/
/**********************           New 2018 ******************************/
/**********************           New 2018 ******************************/

    update person
    set     
            status_super = 0,
            status_little =0;            
/*
    where   id < 211;  
*/              
    update superaward_status
    set             
            enable = 1,
            status = 0,
            sid    = null,
            unit   = null,
            unit_id = null;            

    update superaward_unit    
    set    
            /*type = 0,*/
            status = 0;            




/*   KLA    */
/*   KLA    */

      update award_pick_number
      set status = 0;
      
              update gift_pick_award
                    set status = 0,
                    person_id = null,
                    r_show = null;



/*   KLA    */
        
    update person
    set status_little = 0;
    
    update person_main
    set status_little = 0;
    
    update gift_little
    set status = 0 ,person_id = 0;

    update unit_class
    set status = 0 ,random = 0 , show_status = 0;   

    update person
    set
          status_super = 0
    where id not in
        (
          select id
          from super_person
        );

end;

#
# Procedure "p_insert"
#

DROP PROCEDURE IF EXISTS `p_insert`;
CREATE PROCEDURE `p_insert`(v1 double, v2 double)
BEGIN
     declare val double;
          /*
          กดก่อน = v1 ต้นทาง  
          กดหลัง = v2 ปลายทาง
          เงื่อนไขในการเลือกปลายทาง กรณีไม่เจอจะแทนเป็น 0
          */
                      select ifnull(
                          (select seq
                          from superaward_status
                          where seq < v2
                          order by seq desc
                          limit 1)
                        ,0
                        ) into val;
         
       update superaward_status
       set seq = (val+v2)/2
       where seq = v1;
END;

#
# Procedure "P_Random_Little"
#

DROP PROCEDURE IF EXISTS `P_Random_Little`;
CREATE PROCEDURE `P_Random_Little`(Vuint varchar(255),Vtype varchar(1),Vclass int)
BEGIN
   declare gift Int; 
   declare person varchar(20); 
   declare gift_name varchar(255); 
   declare person_name varchar(255); 
   declare buff_unit varchar(255); 

  SET person = 0;
   
     select id,name
      into gift,gift_name
     from gift_little
     where type = Vtype and status = 0
     ORDER BY RAND()
     LIMIT 1 ;
    
    IF Vclass = 1 THEN 
         select id,name,unit_case
          into person,person_name,buff_unit
         from person
         where rank = 1  and status_little = 0 and unit_case = Vuint
         ORDER BY RAND()
         LIMIT 1 ;
         
         if person = 0 then   
              insert into log_gift(DT_set,mode,desc_gift,from_pos)
               values(now(), 'little_radom', concat('ERROR',Vtype,' | รหัส ',gift, ' ',gift_name,' | ผู้ได้รับ ',person, ' ',person_name ,' | หน่วย ',' ',buff_unit), 'P_Random_Little เป็น function ใน db');       
         
        
             select id,name,unit_case
              into person,person_name,buff_unit
             from person
             where rank = 1  and status_little = 0 and unit_case = Vuint
             ORDER BY RAND()
             LIMIT 1 ; 
             
             insert into log_gift(DT_set,mode,desc_gift,from_pos)
              values(now(), 'little_radom', concat('รางวัลย่อยประเภท แก้ ERROR ',Vtype,' | รหัส ',gift, ' ',gift_name,' | ผู้ได้รับ ',person, ' ',person_name ,' | หน่วย ',' ',buff_unit), 'P_Random_Little เป็น function ใน db');
         else
              insert into log_gift(DT_set,mode,desc_gift,from_pos)
              values(now(), 'little_radom', concat('รางวัลย่อยประเภท ',Vtype,' | รหัส ',gift, ' ',gift_name,' | ผู้ได้รับ ',person, ' ',person_name ,' | หน่วย ',' ',buff_unit), 'P_Random_Little เป็น function ใน db');       
         end if;
    ELSEIF Vclass = 2 THEN 
         select id,name,unit_case
          into person,person_name,buff_unit
         from person
         where rank = 2 and status_little = 0 and unit_case = Vuint
         ORDER BY RAND()
         LIMIT 1 ;
         
         if person = 0 then
              insert into log_gift(DT_set,mode,desc_gift,from_pos)
             values(now(), 'little_radom', concat('ERROR',Vtype,' | รหัส ',gift, ' ',gift_name,' | ผู้ได้รับ ',person, ' ',person_name ,' | หน่วย ',' ',buff_unit), 'P_Random_Little เป็น function ใน db');       
         
             select id,name,unit_case 
              into person,person_name,buff_unit
             from person
             where  rank = 2 and status_little = 0 and unit_case = Vuint
             ORDER BY RAND()
             LIMIT 1 ;  
             
             insert into log_gift(DT_set,mode,desc_gift,from_pos)
              values(now(), 'little_radom', concat('รางวัลย่อยประเภท แก้ERROR ',Vtype,' | รหัส ',gift, ' ',gift_name,' | ผู้ได้รับ ',person, ' ',person_name ,' | หน่วย ',' ',buff_unit), 'P_Random_Little เป็น function ใน db');
         else
              insert into log_gift(DT_set,mode,desc_gift,from_pos)
              values(now(), 'little_radom', concat('รางวัลย่อยประเภท ',Vtype,' | รหัส ',gift, ' ',gift_name,' | ผู้ได้รับ ',person, ' ',person_name ,' | หน่วย ',' ',buff_unit), 'P_Random_Little เป็น function ใน db');       
               
         end if;
    
    ELSE 
        select id,name,unit_case
          into person,person_name,buff_unit
         from person
         where rank = 3 and status_little = 0 and unit_case = Vuint
         ORDER BY RAND()
         LIMIT 1 ;
         
          if person = 0 then
              insert into log_gift(DT_set,mode,desc_gift,from_pos)
              values(now(), 'little_radom', concat('ERROR',Vtype,' | รหัส ',gift, ' ',gift_name,' | ผู้ได้รับ ',person, ' ',person_name ,' | หน่วย ',' ',buff_unit), 'P_Random_Little เป็น function ใน db');       
         
             select id,name,unit_case
              into person,person_name,buff_unit
             from person
             where rank = 3 and status_little = 0 and unit_case = Vuint
             ORDER BY RAND()
             LIMIT 1 ;  
             
             insert into log_gift(DT_set,mode,desc_gift,from_pos)
              values(now(), 'little_radom', concat('รางวัลย่อยประเภท แก้ERROR ',Vtype,' | รหัส ',gift, ' ',gift_name,' | ผู้ได้รับ ',person, ' ',person_name ,' | หน่วย ',' ',buff_unit), 'P_Random_Little เป็น function ใน db');
         else
              insert into log_gift(DT_set,mode,desc_gift,from_pos)
              values(now(), 'little_radom', concat('รางวัลย่อยประเภท ',Vtype,' | รหัส ',gift, ' ',gift_name,' | ผู้ได้รับ ',person, ' ',person_name ,' | หน่วย ',' ',buff_unit), 'P_Random_Little เป็น function ใน db');       
               
               
         end if;
    END IF;
     
     update gift_little
     set 
          status = 1, 
          person_id = person
     where id = gift;
     
     update person_main
     set
          status_little = 1
     where id = person;
     
      update person
     set
          status_little = 1
     where id = person;

    update unit_class
    set
        status = 1
    where unit = Vuint;
     /*            LOG    values(now(), 'little_radom', concat('รางวัลย่อยประเภท ERROR ',Vtype,' | รหัส ',gift, ' ',gift_name,' | ผู้ได้รับ ',person, ' ',person_name ,' | หน่วย ',' ',buff_unit), 'P_Random_Little เป็น function ใน db');               */

        /*insert into log_gift(DT_set,mode,desc_gift,from_pos)
        values(now(), 'radom', concat('รางวัลประเภท ',buff_giftType,' | รหัส ',VgiftID, ' ',gift_name,' | ผู้ได้รับ ',person_get, ' ',person_name ,' | หน่วย ', buff_unitId,' ',buff_unit), 'f_random_person เป็น function ใน db');        
*/

END;

#
# Procedure "P_chk_after_little"
#

DROP PROCEDURE IF EXISTS `P_chk_after_little`;
CREATE PROCEDURE `P_chk_after_little`(Vuint varchar(255))
BEGIN
  DECLARE Vcount int;
  DECLARE Vc1a int;
  DECLARE Vc2a int;
  DECLARE Vc3a int;
  
  DECLARE Vc1b int;
  DECLARE Vc2b int;
  DECLARE Vc3b int;
  
  DECLARE Vc1c int;
  DECLARE Vc2c int;
  DECLARE Vc3c int;
  
  DECLARE Vg int;
  
  select  c1a*1
    into  Vc1a
  from    unit_class
  where   unit = Vuint;
  
  select  c2a*1
    into  Vc2a
  from    unit_class
  where   unit = Vuint;
  
   select  c3a*1
    into  Vc3a
  from    unit_class
  where   unit = Vuint;
  
  select  c1b*1
    into  Vc1b
  from    unit_class
  where   unit = Vuint;

  select  c2b*1
    into  Vc2b
  from    unit_class
  where   unit = Vuint;
  
  select  c3b*1
    into  Vc3b
  from    unit_class
  where   unit = Vuint; 
  
  select  c1c*1
    into  Vc1c
  from    unit_class
  where   unit = Vuint;

  select  c2c*1
    into  Vc2c
  from    unit_class
  where   unit = Vuint;
  
  select  c3c*1
    into  Vc3c
  from    unit_class
  where   unit = Vuint; 
 
  select  g*1
    into  Vg
  from    unit_class
  where   unit = Vuint; 
 
  
  
/*  CLASS A  */
           
             SET Vcount = 1;
              while Vcount <= Vc1a 
              do
                call P_Random_Little(Vuint,'A',1);
                SET Vcount = Vcount+1;
              end while;
            
             SET Vcount = 1;
              while Vcount <= Vc2a 
              do
                call P_Random_Little(Vuint,'A',2);
                SET Vcount = Vcount+1;
              end while;
             
              SET Vcount = 1;
              while Vcount <= Vc3a 
              do
                call P_Random_Little(Vuint,'A',3);
                SET Vcount = Vcount+1;
              end while;
             
/*  CLASS A  */   
/*  CLASS B  */           
             
              SET Vcount = 1;
              while Vcount <= Vc1b 
              do
                call P_Random_Little(Vuint,'B',1);
                SET Vcount = Vcount+1;
              end while;
             
              SET Vcount = 1;
              while Vcount <= Vc2b 
              do
                call P_Random_Little(Vuint,'B',2);
                SET Vcount = Vcount+1;
              end while;
           
              SET Vcount = 1;
              while Vcount <= Vc3b 
              do
                call P_Random_Little(Vuint,'B',3);
                SET Vcount = Vcount+1;
              end while;
             
/*  CLASS B  */ 
/*  CLASS C  */               
            
             SET Vcount = 1;
              while Vcount <= Vc1c 
              do
                call P_Random_Little(Vuint,'C',1);
                SET Vcount = Vcount+1;
              end while;
            
              SET Vcount = 1;
              while Vcount <= Vc2c 
              do
                call P_Random_Little(Vuint,'C',2);
                SET Vcount = Vcount+1;
              end while;
            
              SET Vcount = 1;
              while Vcount <= Vc3c 
              do
                call P_Random_Little(Vuint,'C',3);
                SET Vcount = Vcount+1;
              end while;
             
 /*  CLASS C  */             
               SET Vcount = 1;
              while Vcount <= Vg 
              do
                call P_Random_Little(Vuint,'G',4);
                SET Vcount = Vcount+1;
              end while;


END;

#
# Procedure "P_Random_Super"
#

DROP PROCEDURE IF EXISTS `P_Random_Super`;
CREATE PROCEDURE `P_Random_Super`(VawardID int)
BEGIN
     DECLARE RUnit_id        varchar(20);
     DECLARE RPerson_id      varchar(20);
     
     DECLARE RUnitName       varchar(200);
     DECLARE RAwardName      varchar(200);
     DECLARE RPersondName    varchar(200);

     SET RPerson_id = 0;

--   เลือกชื่อรางวัลจาก ID ที่ส่งมาเพื่อใช้ลง Log
     select name
       into RAwardName
     from   superaward_status
     where  number = VawardID;

--   สุ่มหน่วยและ id หน่วยเพื่อเอาไปสุ่มคนในหน่วยนั้นๆ     
     select unit_id,name
       into RUnit_id,RUnitName
     from   superaward_unit
     where  status = 0
     ORDER BY RAND()
     LIMIT 1 ;
  
--   สุ่มคนในหน่วยนั้นๆ   
--   ปี 2562 สส.ต้องการให้คนที่ได้รางวัลย่อยแล้วไม่มีสิทธิ์ได้รางวัลใหญ่อีก   and    status_little = 0
     select id,name
       into RPerson_id,RPersondName
     from   person
     where  status_super = 0
     and    unit_case_super = RUnitName
     ORDER BY RAND()
     LIMIT 1 ;

--   กรณีที่สุ่มคนไม่ได้จะทำการสุ่มไหมโดยไม่สนใจโควต้าของหน่วยไหนๆ
--   ปี 2562 สส.ต้องการให้คนที่ได้รางวัลย่อยแล้วไม่มีสิทธิ์ได้รางวัลใหญ่อีก   and    status_little = 0
     if RPerson_id = 0 then

        insert into log_gift(DT_set,mode,desc_gift,from_pos)
        values(now(), 'radom_super', concat('รางวัลใหญ่(Super Aword) ID :',VawardID,' Name ',RAwardName,' | ผู้ได้รับ  ERROR | หน่วยใน superaward unit  Name : ',RUnitName, ' ID :',RUnit_id ), 'P_Random_Super เป็น Procedure ใน db');        

        select id,name
          into RPerson_id,RPersondName
        from   person
        where  status_super = 0
        ORDER BY RAND()
        LIMIT 1 ;
        
        insert into log_gift(DT_set,mode,desc_gift,from_pos)
        values(now(), 'radom_super', concat('รางวัลใหญ่(Super Aword) ID :',VawardID,' Name ',RAwardName,' | สุ่มใหม่หลังจาก ERROR ผู้ได้รับ  ID :',RPerson_id, '  Name ',RPersondName,' | หน่วยใน superaward unit  Name : ',RUnitName, ' ID :',RUnit_id ), 'P_Random_Super เป็น Procedure ใน db');        
 
     end if;
     

/*   1     */     
     update person
     set
            status_super = 1
     where  id = RPerson_id;
  
/*   2     */       
     update superaward_status 
     set
            sid = RPerson_id,
            unit = RUnitName,
            unit_id = RUnit_id,
            status = 1
     where  number = VawardID;
 
/*   3     */        
     update superaward_unit
     set
            status = 1
     where  unit_id = RUnit_id;

/*            LOG                   */
        insert into log_gift(DT_set,mode,desc_gift,from_pos)
        values(now(), 'radom_super', concat('รางวัลใหญ่(Super Aword) ID :',VawardID,' Name ',RAwardName,' | ผู้ได้รับ  ID :',RPerson_id, '  Name ',RPersondName,' | หน่วยใน superaward unit  Name : ',RUnitName, ' ID :',RUnit_id ), 'P_Random_Super เป็น Procedure ใน db');        
/*     
   /*
     select id 
      into gift
     from gift_little
     where type = 'A' and status = 0
     ORDER BY RAND()
     LIMIT 1 ;
     
     select id 
      into person
     from person
     where rank >= 5 and rank <= 7 and status_little = 0 
     ORDER BY RAND()
     LIMIT 1 ;
     
     update gift_little
     set 
          status = 1, 
          person_id = person
     where id = gift;
     */
     
END;

#
# Procedure "P_Random_Super_All"
#

DROP PROCEDURE IF EXISTS `P_Random_Super_All`;
CREATE PROCEDURE `P_Random_Super_All`(Vuint varchar(255),Vtype varchar(1))
BEGIN
   declare gift Int; 
   declare person varchar(20); 
   declare gift_name varchar(255); 
   declare person_name varchar(255); 
   declare buff_unit varchar(255); 

  SET person = 0;
  

         select id,name
           into gift,gift_name
         from gift_pick_award
         where type = Vtype and status = 0
         ORDER BY RAND()
         LIMIT 1 ;
         
         
         select id,name,unit_case
          into person,person_name,buff_unit
         from person
         where status_little = 0 
				 and unit_case = Vuint
         ORDER BY RAND()
         LIMIT 1 ;
         
 
	        

     
     update gift_pick_award
     set 
          status = 1, 
          person_id = person,
          r_show = Vuint
     where id = gift;
     
     update person_main
     set
          status_little = 1
     where id = person;
     
      update person
     set
          status_little = 1
     where id = person;

    update award_pick_number
    set
        status = 1
    where unit = Vuint;
   

END;

#
# Procedure "P_chk_after_pickaward"
#

DROP PROCEDURE IF EXISTS `P_chk_after_pickaward`;
CREATE PROCEDURE `P_chk_after_pickaward`(Vuint varchar(255))
BEGIN
  DECLARE Vcount int;
  DECLARE Va int;
  DECLARE Vb int;
  DECLARE Vc int;
  
  DECLARE Vd int;
  DECLARE Ve int;
  DECLARE Vf int;
  
  DECLARE Vg int;
  DECLARE Vh int;
  DECLARE Vi int;
  
  DECLARE Vj int;
  DECLARE Vk int;
  DECLARE Vl int;
  
  
  select  a*1
    into  Va
  from    award_pick_number
  where   unit = Vuint;
  
  select  b*1
    into  Vb
  from    award_pick_number
  where   unit = Vuint;
  
   select  c*1
    into  Vc
  from    award_pick_number
  where   unit = Vuint;
  
  select  d*1
    into  Vd
  from    award_pick_number
  where   unit = Vuint;

  select  e*1
    into  Ve
  from    award_pick_number
  where   unit = Vuint;
  
  select  f*1
    into  Vf
  from    award_pick_number
  where   unit = Vuint; 
  
  select  g*1
    into  Vg
  from    award_pick_number
  where   unit = Vuint;

  select  h*1
    into  Vh
  from    award_pick_number
  where   unit = Vuint;
  
  select  i*1
    into  Vi
  from    award_pick_number
  where   unit = Vuint; 
  
   select  j*1
    into  Vj
  from    award_pick_number
  where   unit = Vuint; 
  
   select  k*1
    into  Vk
  from    award_pick_number
  where   unit = Vuint; 
  
   select  l*1
    into  Vl
  from    award_pick_number
  where   unit = Vuint; 
 


           
             SET Vcount = 1;
              while Vcount <= Va 
              do
                call P_Random_Super_all(Vuint,'A');
                SET Vcount = Vcount+1;
              end while;
            
             SET Vcount = 1;
              while Vcount <= Vb 
              do
                call P_Random_Super_all(Vuint,'B');
                SET Vcount = Vcount+1;
              end while;
             
              SET Vcount = 1;
              while Vcount <= Vc 
              do
                call P_Random_Super_all(Vuint,'C');
                SET Vcount = Vcount+1;
              end while;
             
        
             
              SET Vcount = 1;
              while Vcount <= Vd 
              do
                call P_Random_Super_all(Vuint,'D');
                SET Vcount = Vcount+1;
              end while;
             
              SET Vcount = 1;
              while Vcount <= Ve 
              do
                call P_Random_Super_all(Vuint,'E');
                SET Vcount = Vcount+1;
              end while;
           
              SET Vcount = 1;
              while Vcount <= Vf 
              do
                call P_Random_Super_all(Vuint,'F');
                SET Vcount = Vcount+1;
              end while;
           
            
             SET Vcount = 1;
              while Vcount <= Vg 
              do
                call P_Random_Super_all(Vuint,'G');
                SET Vcount = Vcount+1;
              end while;
            
              SET Vcount = 1;
              while Vcount <= Vh 
              do
                call P_Random_Super_all(Vuint,'H');
                SET Vcount = Vcount+1;
              end while;
            
              SET Vcount = 1;
              while Vcount <= Vi 
              do
                call P_Random_Super_all(Vuint,'I');
                SET Vcount = Vcount+1;
              end while;
             

             SET Vcount = 1;
              while Vcount <= Vj 
              do
                call P_Random_Super_all(Vuint,'J');
                SET Vcount = Vcount+1;
              end while;
            
              SET Vcount = 1;
              while Vcount <= Vk 
              do
                call P_Random_Super_all(Vuint,'K');
                SET Vcount = Vcount+1;
              end while;
            
              SET Vcount = 1;
              while Vcount <= Vl 
              do
                call P_Random_Super_all(Vuint,'L');
                SET Vcount = Vcount+1;
              end while;
               
              


END;

#
# Procedure "p_set_horse"
#

DROP PROCEDURE IF EXISTS `p_set_horse`;
CREATE PROCEDURE `p_set_horse`(VhorseId int,VhorseDirec varchar(2))
begin

     DECLARE HrDr   int;     
          
          if VhorseDirec = 'F' then    SET HrDr = 1;      
          else                         SET HrDr = -1;          
          end if;          

        -- set horse number        
        if VhorseId = 1 then
            update control_page_state    
            set status  = 1, 
                marg_val = HrDr   
            where    marg_name = 'HORSE_1';          
                         
        elseif VhorseId = 2 then     
            update control_page_state    
            set status  = 1, 
                marg_val = HrDr   
            where    marg_name = 'HORSE_2';                       
        elseif VhorseId = 3 then     
            update control_page_state    
            set status  = 1, 
                marg_val = HrDr   
            where    marg_name = 'HORSE_3';                       
        elseif VhorseId = 4 then     
            update control_page_state    
            set status  = 1, 
                marg_val = HrDr   
            where    marg_name = 'HORSE_4';                        
        elseif VhorseId = 5 then     
            update control_page_state    
            set status  = 1, 
                marg_val = HrDr   
            where    marg_name = 'HORSE_5';                      
        elseif VhorseId = 6 then     
            update control_page_state    
            set status  = 1, 
                marg_val = HrDr   
            where    marg_name = 'HORSE_6';                        

        end if;   

end;

#
# Procedure "p_set_screen"
#

DROP PROCEDURE IF EXISTS `p_set_screen`;
CREATE PROCEDURE `p_set_screen`(Sname varchar(200),Vcase varchar(100))
BEGIN
                                    
        if Sname = 'read' then        
                        update control_page_state    
                        set 
                                status       = 1  
                        where   marg_name in ('TOP','BOTTOM','LEFT','RIGHT');
        end if;

        if Vcase = 'inc' then          
           if      Sname = 'TOP' then
                        update control_page_state    
                        set 
                                marg_val     =  (marg_val + 1) ,
                                status       = 1  
                        where   marg_name    = 'TOP';                        
           elseif  Sname = 'BOTTOM' then     
                        update control_page_state    
                        set 
                                marg_val     =  (marg_val + 1)  ,
                                status       = 1    
                        where   marg_name    = 'BOTTOM';                    
           elseif  Sname = 'LEFT' then     
                        update control_page_state    
                        set 
                                marg_val     =  (marg_val + 1)  ,
                                status       = 1    
                        where   marg_name    = 'LEFT';                  
           elseif  Sname = 'RIGHT' then     
                        update control_page_state    
                        set 
                                marg_val     =  (marg_val + 1)  ,
                                status       = 1   
                        where   marg_name    = 'RIGHT';                 
           elseif  Sname = 'MRG_BR' then     
                        update control_page_state    
                        set 
                                marg_val     =  (marg_val + 4)  ,
                                status       = 1   
                        where   marg_name    = 'MRG_LEFT_BLOCKRN';    
           end if;
           
        elseif Vcase = 'dec' then     
           if      Sname = 'TOP' then
                        update control_page_state    
                        set 
                                marg_val     =  (marg_val - 1) ,
                                status       = 1     
                        where   marg_name    = 'TOP';                        
           elseif  Sname = 'BOTTOM' then     
                        update control_page_state    
                        set 
                                marg_val     =  (marg_val - 1) ,
                                status       = 1     
                        where   marg_name    = 'BOTTOM';                    
           elseif  Sname = 'LEFT' then     
                        update control_page_state    
                        set 
                                marg_val     =  (marg_val - 1) ,
                                status       = 1     
                        where   marg_name    = 'LEFT';                  
           elseif  Sname = 'RIGHT' then     
                        update control_page_state    
                        set 
                                marg_val     =  (marg_val - 1) ,
                                status       = 1     
                        where   marg_name    = 'RIGHT';               
           elseif  Sname = 'MRG_BR' then     
                        update control_page_state    
                        set 
                                marg_val     =  (marg_val - 4) ,
                                status       = 1     
                        where   marg_name    = 'MRG_LEFT_BLOCKRN';    
           end if;
        end if;
                

END;

#
# Procedure "p_showpage"
#

DROP PROCEDURE IF EXISTS `p_showpage`;
CREATE PROCEDURE `p_showpage`(Vpage int)
BEGIN
        -- clear state 
        update control_page    
        set page_set  = 0,    
            page_read = 0;  
                                    
        -- set state of page
        update control_page    
        set page_set     = 1,    
            page_read    = 1
        where page_id = Vpage;  
END;

#
# Procedure "p_swap"
#

DROP PROCEDURE IF EXISTS `p_swap`;
CREATE PROCEDURE `p_swap`(v1 double, v2 double)
BEGIN
     
     declare swap1 double;
     declare swap2 double;
     
     select number
     into  swap1
     from superaward_status
     where seq = v1;
     
     select number
     into  swap2
     from superaward_status
     where seq = v2;
      
   
     update superaward_status
      set 
        seq = v1
     where number = swap2;
     
     update superaward_status
      set 
        seq = v2
     where number = swap1;
      
END;

#
# Procedure "P_waiver"
#

DROP PROCEDURE IF EXISTS `P_waiver`;
CREATE PROCEDURE `P_waiver`(Vgid int)
BEGIN
    DECLARE    Uid     varchar(20);
    DECLARE    Uname   varchar(100);
    DECLARE    Pname   varchar(100);
    DECLARE    Pid     varchar(20);
    
     select unit_id,unit,sid
       into Uid,Uname,Pid
     from   superaward_status
     where  number = Vgid;
     
     select name
       into Pname
     from   person
     where  id = Pid;
    
     update superaward_status
     set
            sid       = null,
            unit      = null,
            unit_id   = null,
            status    = 0
     where  sid = Pid;
    
     update superaward_unit
     set
            status    = 0
     where  unit_id = Uid;
     
     
/*            LOG                   */

        insert into log_gift(DT_set,mode,desc_gift,from_pos)
        values(now(), 'waiver_person', concat('สละสิทธิ์ของหน่วย : ',Uname,' รหัส : ',Uid,' | ผู้สละสิทธิ์:',Pname,' รหัส : ',Pid ), 'P_waiver เป็น Procedure ใน db');    

/*            LOG                   */

END;
